,Year,Region,Country,Buddhists,Christians,Folk Religions,Hindus,Jews,Muslims,Other Religions,Unaffiliated
0,2010, World, All Countries,7.1,31.4,5.9,15.0,1.0,23.2,1.0,16.4
1,2010,North America, All Countries,1.1,77.4,1.0,1.0,1.8,1.0,1.0,17.1
2,2010,Latin America-Caribbean, All Countries,1.0,90.0,1.7,1.0,1.0,1.0,1.0,
3,2010,Europe, All Countries,1.0,74.5,1.0,1.0,1.0,5.9,1.0,18.8
4,2010,Middle East-North Africa, All Countries,1.0,3.7,1.0,1.0,1.6,93.0,1.0,1.0
5,2010,Sub-Saharan Africa, All Countries,1.0,62.9,3.3,1.0,1.0,30.2,1.0,3.2
6,2010,Asia-Pacific, All Countries,11.9,7.1,9.0,25.3,1.0,24.3,1.3,21.2
7,2010,Asia-Pacific,Afghanistan,1.0,1.0,1.0,1.0,1.0,99.0,1.0,1.0
8,2010,Europe,Albania,1.0,18.0,1.0,1.0,1.0,80.3,1.0,1.4
9,2010,Middle East-North Africa,Algeria,1.0,1.0,1.0,,1.0,97.9,1.0,1.8
10,2010,Asia-Pacific,American Samoa,1.0,98.3,1.0,1.0,1.0,1.0,1.0,1.0
11,2010,Europe,Andorra,1.0,89.5,1.0,1.0,1.0,1.0,1.0,8.8
12,2010,Sub-Saharan Africa,Angola,1.0,90.5,4.2,1.0,1.0,1.0,1.0,5.1
13,2010,Latin America-Caribbean,Anguilla,1.0,90.6,2.9,1.0,1.0,,1.6,4.0
14,2010,Latin America-Caribbean,Antigua and Barbuda,1.0,93.0,3.6,1.0,1.0,1.0,1.0,1.7
15,2010,Latin America-Caribbean,Argentina,1.0,85.2,1.0,,1.0,1.0,1.0,12.2
16,2010,Asia-Pacific,Armenia,1.0,98.5,1.0,1.0,1.0,1.0,1.0,1.3
17,2010,Latin America-Caribbean,Aruba,1.0,91.9,1.3,1.0,1.0,1.0,1.0,6.0
18,2010,Asia-Pacific,Australia,2.7,67.3,1.0,1.4,1.0,2.4,1.0,24.2
19,2010,Europe,Austria,1.0,80.4,1.0,1.0,1.0,5.4,1.0,
20,2010,Asia-Pacific,Azerbaijan,1.0,3.0,1.0,1.0,1.0,96.9,1.0,1.0
21,2010,Latin America-Caribbean,Bahamas,,96.0,1.0,1.0,1.0,1.0,1.0,3.1
22,2010,Middle East-North Africa,Bahrain,2.5,14.5,1.0,9.8,1.0,70.3,1.0,1.9
23,2010,Asia-Pacific,Bangladesh,1.0,1.0,1.0,8.5,1.0,90.4,1.0,1.0
24,2010,Latin America-Caribbean,Barbados,1.0,95.2,1.0,1.0,1.0,1.0,1.4,1.9
25,2010,Europe,Belarus,,71.2,1.0,1.0,1.0,1.0,1.0,28.6
26,2010,Europe,Belgium,1.0,64.2,1.0,1.0,1.0,5.9,1.0,29.0
27,2010,Latin America-Caribbean,Belize,1.0,87.6,1.5,1.0,1.0,1.0,1.0,8.9
28,2010,Sub-Saharan Africa,Benin,1.0,53.0,18.1,1.0,1.0,23.8,1.0,5.0
29,2010,North America,Bermuda,1.0,75.0,3.0,1.0,1.0,1.1,1.0,19.4
30,2010,Asia-Pacific,Bhutan,74.7,1.0,1.9,22.6,1.0,1.0,1.0,1.0
31,2010,Latin America-Caribbean,Bolivia,1.0,,1.0,1.0,1.0,1.0,1.0,4.1
32,2010,Europe,Bosnia-Herzegovina,1.0,52.3,1.0,1.0,1.0,45.2,1.0,2.5
33,2010,Sub-Saharan Africa,Botswana,1.0,72.1,6.0,1.0,1.0,1.0,1.0,20.6
34,2010,Latin America-Caribbean,Brazil,1.0,,2.8,1.0,1.0,1.0,1.0,7.9
35,2010,Latin America-Caribbean,British Virgin Islands,1.0,84.5,8.4,1.2,1.0,1.2,1.0,3.9
36,2010,Asia-Pacific,Brunei,8.6,9.4,6.2,1.0,1.0,75.1,1.0,1.0
37,2010,Europe,Bulgaria,1.0,,1.0,1.0,1.0,13.7,1.0,
38,2010,Sub-Saharan Africa,Burkina Faso,1.0,22.5,15.4,1.0,1.0,61.6,1.0,1.0
39,2010,Sub-Saharan Africa,Burundi,1.0,91.5,5.7,1.0,1.0,2.8,1.0,1.0
40,2010,Asia-Pacific,Cambodia,96.9,1.0,1.0,1.0,1.0,2.0,1.0,1.0
41,2010,Sub-Saharan Africa,Cameroon,1.0,70.3,3.3,1.0,1.0,18.3,2.7,5.3
42,2010,North America,Canada,1.0,69.0,1.2,1.4,1.0,2.1,1.0,23.7
43,2010,Sub-Saharan Africa,Cape Verde,1.0,89.1,1.5,1.0,1.0,1.0,1.0,9.1
44,2010,Latin America-Caribbean,Cayman Islands,1.0,83.5,4.5,1.0,1.0,1.0,1.0,9.4
45,2010,Sub-Saharan Africa,Central African Republic,1.0,89.5,1.0,1.0,1.0,8.5,1.0,1.0
46,2010,Sub-Saharan Africa,Chad,1.0,40.6,1.4,1.0,1.0,55.3,1.0,2.5
47,2010,Europe,Channel Islands,1.0,85.2,1.0,1.0,1.0,1.0,1.0,14.2
48,2010,Latin America-Caribbean,Chile,1.0,89.4,1.5,1.0,1.0,1.0,1.0,8.6
49,2010,Asia-Pacific,China,18.2,5.1,21.9,1.0,1.0,1.8,1.0,
50,2010,Latin America-Caribbean,Colombia,1.0,92.5,1.0,1.0,1.0,1.0,1.0,6.6
51,2010,Sub-Saharan Africa,Comoros,1.0,1.0,1.0,1.0,1.0,98.3,1.0,
52,2010,Sub-Saharan Africa,Republic of the Congo,1.0,85.9,2.8,1.0,1.0,1.2,1.1,
53,2010,Sub-Saharan Africa,Democratic Republic of the Congo,1.0,95.8,1.0,1.0,1.0,1.5,1.0,1.8
54,2010,Asia-Pacific,Cook Islands,1.0,96.0,1.0,1.0,1.0,1.0,1.0,3.2
55,2010,Latin America-Caribbean,Costa Rica,1.0,90.9,1.0,1.0,1.0,1.0,1.0,7.9
56,2010,Sub-Saharan Africa,Ivory Coast,1.0,44.1,10.2,1.0,1.0,37.5,1.0,8.0
57,2010,Europe,Croatia,1.0,93.4,1.0,1.0,1.0,1.4,1.0,5.1
58,2010,Latin America-Caribbean,Cuba,1.0,59.2,17.4,1.0,1.0,1.0,1.0,23.0
59,2010,Asia-Pacific,Cyprus,1.0,73.2,1.0,1.0,1.0,25.3,1.0,1.2
60,2010,Europe,Czech Republic,1.0,23.3,1.0,1.0,1.0,1.0,1.0,76.4
61,2010,Europe,Denmark,1.0,83.5,1.0,1.0,1.0,4.1,1.0,11.8
62,2010,Sub-Saharan Africa,Djibouti,1.0,2.3,1.0,1.0,1.0,96.9,1.0,1.0
63,2010,Latin America-Caribbean,Dominica,1.0,94.4,3.0,1.0,1.0,1.0,1.7,
64,2010,Latin America-Caribbean,Dominican Republic,1.0,88.0,1.0,,1.0,1.0,1.0,10.9
65,2010,Latin America-Caribbean,Ecuador,1.0,94.1,1.0,1.0,1.0,1.0,1.0,5.5
66,2010,Middle East-North Africa,Egypt,1.0,5.1,1.0,1.0,1.0,94.9,1.0,1.0
67,2010,Latin America-Caribbean,El Salvador,1.0,88.2,1.0,1.0,1.0,1.0,1.0,11.0
68,2010,Sub-Saharan Africa,Equatorial Guinea,1.0,88.7,1.7,1.0,1.0,4.0,1.0,5.0
69,2010,Sub-Saharan Africa,Eritrea,1.0,62.9,1.0,,1.0,36.6,1.0,1.0
70,2010,Europe,Estonia,1.0,39.9,1.0,1.0,1.0,1.0,1.0,59.6
71,2010,Sub-Saharan Africa,Ethiopia,1.0,62.8,2.6,,1.0,34.6,1.0,1.0
72,2010,Europe,Faeroe Islands,1.0,98.0,1.0,1.0,1.0,,1.0,1.7
73,2010,Latin America-Caribbean,Falkland Islands (Malvinas),1.0,67.2,1.0,1.0,1.0,1.0,1.0,31.5
74,2010,Asia-Pacific,Fiji,1.0,64.4,1.0,27.9,1.0,6.3,1.0,1.0
75,2010,Europe,Finland,,80.1,1.0,1.0,1.0,1.0,1.0,19.1
76,2010,Europe,France,1.0,63.0,1.0,1.0,1.0,7.5,1.0,28.0
77,2010,Latin America-Caribbean,French Guiana,1.0,84.4,9.1,1.6,1.0,1.0,1.0,3.4
78,2010,Asia-Pacific,French Polynesia,1.0,94.0,1.0,1.0,1.0,1.0,1.0,4.9
79,2010,Sub-Saharan Africa,Gabon,1.0,76.5,6.0,1.0,1.0,11.2,1.0,
80,2010,Sub-Saharan Africa,Gambia,1.0,4.5,1.0,1.0,1.0,95.1,1.0,1.0
81,2010,Europe,Georgia,1.0,88.5,1.0,1.0,1.0,10.7,1.0,
82,2010,Europe,Germany,1.0,,1.0,1.0,1.0,5.8,1.0,24.7
83,2010,Sub-Saharan Africa,Ghana,,74.9,4.9,1.0,1.0,15.8,1.0,4.2
84,2010,Europe,Gibraltar,,88.8,1.0,1.8,2.1,4.0,1.0,2.9
85,2010,Europe,Greece,1.0,88.1,1.0,1.0,1.0,5.3,1.0,6.1
86,2010,North America,Greenland,1.0,96.1,1.0,1.0,1.0,,1.0,2.5
87,2010,Latin America-Caribbean,Grenada,1.0,96.6,1.3,1.0,1.0,1.0,1.0,1.0
88,2010,Latin America-Caribbean,Guadeloupe,1.0,95.9,1.0,1.0,1.0,1.0,1.0,2.5
89,2010,Asia-Pacific,Guam,1.1,94.2,1.5,1.0,1.0,1.0,1.6,1.7
90,2010,Latin America-Caribbean,Guatemala,1.0,95.2,1.0,1.0,1.0,1.0,1.0,4.1
91,2010,Sub-Saharan Africa,Guinea,1.0,10.9,2.7,1.0,1.0,84.4,1.0,1.8
92,2010,Sub-Saharan Africa,Guinea-Bissau,1.0,19.7,30.9,1.0,1.0,45.1,1.0,4.3
93,2010,Latin America-Caribbean,Guyana,1.0,66.0,1.0,24.9,1.0,6.4,1.0,
94,2010,Latin America-Caribbean,Haiti,,86.9,2.2,1.0,1.0,1.0,1.0,10.6
95,2010,Europe,Vatican City,1.0,99.0,1.0,1.0,1.0,1.0,1.0,
96,2010,Latin America-Caribbean,Honduras,1.0,87.6,1.1,1.0,1.0,1.0,1.0,10.5
97,2010,Asia-Pacific,Hong Kong,13.2,14.3,12.8,1.0,1.0,1.8,1.5,56.1
98,2010,Europe,Hungary,,81.0,1.0,1.0,1.0,1.0,1.0,18.6
99,2010,Europe,Iceland,1.0,95.0,1.0,1.0,1.0,1.0,1.0,3.5
100,2010,Asia-Pacific,India,1.0,2.5,1.0,,1.0,14.4,2.3,1.0
101,2010,Asia-Pacific,Indonesia,,9.9,1.0,1.7,1.0,87.2,1.0,1.0
102,2010,Asia-Pacific,Iran,1.0,1.0,1.0,1.0,1.0,99.0,1.0,1.0
103,2010,Middle East-North Africa,Iraq,1.0,,1.0,1.0,1.0,99.0,1.0,
104,2010,Europe,Ireland,1.0,92.0,1.0,1.0,1.0,1.1,1.0,6.2
105,2010,Europe,Isle of Man,1.0,84.1,1.0,1.0,1.0,1.0,1.0,15.4
106,2010,Middle East-North Africa,Israel,1.0,2.0,1.0,1.0,75.6,18.6,1.0,3.1
107,2010,Europe,Italy,1.0,83.3,1.0,1.0,1.0,3.7,1.0,12.4
108,2010,Latin America-Caribbean,Jamaica,1.0,77.2,4.5,1.0,1.0,1.0,1.0,17.2
109,2010,Asia-Pacific,Japan,36.2,1.6,1.0,1.0,1.0,1.0,4.7,57.0
110,2010,Middle East-North Africa,Jordan,1.0,2.2,1.0,1.0,1.0,97.2,1.0,1.0
111,2010,Asia-Pacific,Kazakhstan,1.0,24.7,1.0,1.0,1.0,70.4,1.0,4.2
112,2010,Sub-Saharan Africa,Kenya,1.0,84.8,1.7,1.0,1.0,9.7,1.2,2.5
113,2010,Asia-Pacific,Kiribati,1.0,97.0,1.0,1.0,1.0,1.0,2.2,1.0
114,2010,Europe,Kosovo,1.0,6.1,1.0,1.0,1.0,93.8,1.0,1.0
115,2010,Middle East-North Africa,Kuwait,2.8,14.3,1.0,8.5,1.0,74.1,1.0,1.0
116,2010,Asia-Pacific,Kyrgyzstan,1.0,11.4,1.0,1.0,1.0,88.0,1.0,1.0
117,2010,Asia-Pacific,Laos,66.0,1.5,30.7,1.0,1.0,1.0,1.0,1.0
118,2010,Europe,Latvia,1.0,55.8,1.0,1.0,1.0,1.0,1.0,43.8
119,2010,Middle East-North Africa,Lebanon,1.0,38.3,1.0,1.0,1.0,61.3,1.0,1.0
120,2010,Sub-Saharan Africa,Lesotho,1.0,96.8,1.0,1.0,1.0,1.0,1.0,3.1
121,2010,Sub-Saharan Africa,Liberia,1.0,85.9,1.0,1.0,1.0,12.0,1.0,1.4
122,2010,Middle East-North Africa,Libya,1.0,,1.0,1.0,1.0,96.6,1.0,
123,2010,Europe,Liechtenstein,1.0,91.9,1.0,1.0,1.0,5.0,1.0,
124,2010,Europe,Lithuania,1.0,89.8,1.0,1.0,1.0,1.0,1.0,10.0
125,2010,Europe,Luxembourg,1.0,70.4,1.0,1.0,1.0,,1.0,26.8
126,2010,Asia-Pacific,Macau,,7.2,58.9,,1.0,1.0,1.0,15.4
127,2010,Europe,Republic of Macedonia,1.0,59.3,1.0,1.0,1.0,39.3,1.0,1.4
128,2010,Sub-Saharan Africa,Madagascar,1.0,85.3,4.5,1.0,1.0,3.0,1.0,6.9
129,2010,Sub-Saharan Africa,Malawi,1.0,82.7,1.7,1.0,1.0,13.0,1.0,2.5
130,2010,Asia-Pacific,Malaysia,17.7,9.4,2.3,6.0,1.0,63.7,1.0,1.0
131,2010,Asia-Pacific,Maldives,1.0,1.0,1.0,1.0,1.0,98.4,1.0,1.0
132,2010,Sub-Saharan Africa,Mali,1.0,2.4,2.7,1.0,1.0,94.4,1.0,1.0
133,2010,Europe,Malta,1.0,97.0,1.0,1.0,1.0,1.0,1.0,2.5
134,2010,Asia-Pacific,Marshall Islands,1.0,97.5,1.0,1.0,1.0,1.0,1.0,
135,2010,Latin America-Caribbean,Martinique,1.0,,1.0,1.0,1.0,1.0,1.0,2.3
136,2010,Sub-Saharan Africa,Mauritania,1.0,1.0,1.0,1.0,1.0,99.0,1.0,1.0
137,2010,Sub-Saharan Africa,Mauritius,1.0,32.7,1.0,48.5,1.0,17.3,1.0,1.0
138,2010,Sub-Saharan Africa,Mayotte,1.0,1.0,1.0,1.0,1.0,98.6,1.0,1.0
139,2010,Latin America-Caribbean,Mexico,1.0,95.1,1.0,1.0,1.0,1.0,1.0,4.7
140,2010,Asia-Pacific,Federated States of Micronesia,1.0,95.3,2.7,1.0,1.0,1.0,1.0,1.0
141,2010,Europe,Moldova,1.0,97.4,1.0,1.0,1.0,1.0,1.0,
142,2010,Europe,Monaco,1.0,86.0,1.0,1.0,1.7,1.0,1.0,11.7
143,2010,Asia-Pacific,Mongolia,55.1,2.3,3.5,1.0,1.0,3.2,1.0,35.9
144,2010,Europe,Montenegro,1.0,78.1,1.0,1.0,1.0,18.7,1.0,3.2
145,2010,Latin America-Caribbean,Montserrat,1.0,93.5,1.0,1.0,1.0,1.0,1.5,4.8
146,2010,Middle East-North Africa,Morocco,1.0,1.0,1.0,1.0,1.0,99.0,1.0,1.0
147,2010,Sub-Saharan Africa,Mozambique,1.0,56.7,7.4,1.0,1.0,18.0,1.0,17.9
148,2010,Asia-Pacific,Burma (Myanmar),,7.8,5.8,1.7,1.0,4.0,1.0,1.0
149,2010,Sub-Saharan Africa,Namibia,1.0,97.5,1.0,1.0,1.0,1.0,1.0,1.9
150,2010,Asia-Pacific,Nauru,1.1,79.0,8.1,1.0,1.0,1.0,7.4,
151,2010,Asia-Pacific,Nepal,,1.0,3.7,80.7,1.0,4.6,1.0,
152,2010,Europe,Netherlands,1.0,50.6,1.0,1.0,1.0,6.0,1.0,42.1
153,2010,Asia-Pacific,New Caledonia,1.0,85.2,1.0,1.0,1.0,2.8,1.0,10.4
154,2010,Asia-Pacific,New Zealand,1.6,57.0,1.0,2.1,1.0,1.2,1.0,36.6
155,2010,Latin America-Caribbean,Nicaragua,1.0,85.8,1.4,1.0,1.0,1.0,1.0,12.5
156,2010,Sub-Saharan Africa,Niger,1.0,1.0,1.0,1.0,1.0,,1.0,1.0
157,2010,Sub-Saharan Africa,Nigeria,1.0,49.3,1.4,1.0,1.0,48.8,1.0,1.0
158,2010,Asia-Pacific,Niue,1.0,96.4,1.0,1.0,1.0,1.0,1.0,3.3
159,2010,Asia-Pacific,North Korea,1.5,2.0,12.3,1.0,1.0,1.0,12.9,71.3
160,2010,Asia-Pacific,Northern Mariana Islands,10.6,,5.3,1.0,1.0,1.0,1.1,1.0
161,2010,Europe,Norway,1.0,,1.0,1.0,1.0,3.7,1.0,10.1
162,2010,Middle East-North Africa,Oman,1.0,,1.0,5.5,1.0,85.9,1.0,1.0
163,2010,Asia-Pacific,Pakistan,1.0,1.6,1.0,1.9,1.0,96.4,1.0,1.0
164,2010,Asia-Pacific,Palau,1.0,86.7,1.0,1.0,1.0,1.0,10.4,1.2
165,2010,Middle East-North Africa,Palestinian territories,1.0,,1.0,1.0,1.0,97.6,1.0,1.0
166,2010,Latin America-Caribbean,Panama,1.0,93.0,1.0,1.0,1.0,1.0,1.0,4.8
167,2010,Asia-Pacific,Papua New Guinea,1.0,99.0,1.0,1.0,1.0,1.0,1.0,1.0
168,2010,Latin America-Caribbean,Paraguay,1.0,96.9,1.7,1.0,1.0,1.0,1.0,1.1
169,2010,Latin America-Caribbean,Peru,1.0,95.5,1.0,1.0,1.0,1.0,1.0,3.0
170,2010,Asia-Pacific,Philippines,1.0,,1.5,1.0,1.0,5.5,1.0,1.0
171,2010,Europe,Poland,1.0,94.3,1.0,1.0,1.0,1.0,1.0,5.6
172,2010,Europe,Portugal,1.0,91.9,1.0,1.0,1.0,1.0,1.0,7.5
173,2010,Latin America-Caribbean,Puerto Rico,1.0,96.7,1.0,1.0,1.0,1.0,1.0,1.9
174,2010,Middle East-North Africa,Qatar,3.1,13.8,1.0,13.8,1.0,67.7,1.0,1.0
175,2010,Sub-Saharan Africa,Reunion,1.0,87.6,1.0,4.5,1.0,4.2,1.1,2.0
176,2010,Europe,Romania,1.0,99.0,1.0,1.0,1.0,1.0,1.0,1.0
177,2010,Europe,Russia,1.0,73.3,1.0,1.0,1.0,10.0,1.0,16.2
178,2010,Sub-Saharan Africa,Rwanda,1.0,93.4,1.0,1.0,1.0,1.8,1.0,3.6
179,2010,Sub-Saharan Africa,St. Helena,1.0,96.5,1.0,1.0,1.0,1.0,1.0,3.3
180,2010,Latin America-Caribbean,St. Kitts and Nevis,1.0,94.6,1.3,1.5,1.0,1.0,1.0,1.6
181,2010,Latin America-Caribbean,St. Lucia,1.0,91.1,1.0,1.0,1.0,1.0,2.0,6.0
182,2010,North America,St. Pierre and Miquelon,1.0,,1.0,1.0,1.0,1.0,1.3,
183,2010,Latin America-Caribbean,St. Vincent and the Grenadines,1.0,88.7,2.0,3.4,1.0,1.5,2.0,2.5
184,2010,Asia-Pacific,Samoa,1.0,,1.0,1.0,1.0,1.0,1.0,2.5
185,2010,Europe,San Marino,1.0,91.6,1.0,1.0,1.0,1.0,1.0,7.2
186,2010,Sub-Saharan Africa,Sao Tome and Principe,1.0,,2.9,1.0,1.0,1.0,2.4,12.6
187,2010,Middle East-North Africa,Saudi Arabia,,4.4,1.0,1.1,1.0,93.0,1.0,1.0
188,2010,Sub-Saharan Africa,Senegal,1.0,3.6,1.0,1.0,1.0,96.4,1.0,1.0
189,2010,Europe,Serbia,1.0,92.6,1.0,1.0,1.0,4.1,1.0,3.3
190,2010,Sub-Saharan Africa,Seychelles,1.0,94.0,1.0,,1.0,1.1,1.0,2.1
191,2010,Sub-Saharan Africa,Sierra Leone,1.0,20.9,1.0,1.0,1.0,78.0,1.0,1.0
192,2010,Asia-Pacific,Singapore,33.9,18.2,2.3,,1.0,14.3,9.7,16.4
193,2010,Europe,Slovakia,1.0,85.3,1.0,1.0,1.0,1.0,1.0,14.3
194,2010,Europe,Slovenia,1.0,78.4,1.0,1.0,1.0,3.6,1.0,
195,2010,Asia-Pacific,Solomon Islands,1.0,97.4,1.3,1.0,1.0,1.0,1.0,
196,2010,Sub-Saharan Africa,Somalia,1.0,1.0,1.0,1.0,1.0,99.0,1.0,1.0
197,2010,Sub-Saharan Africa,South Africa,1.0,81.2,1.0,1.1,1.0,1.7,1.0,14.9
198,2010,Asia-Pacific,South Korea,22.9,29.4,1.0,1.0,1.0,1.0,1.0,
199,2010,Europe,Spain,1.0,78.6,1.0,1.0,1.0,,1.0,19.0
200,2010,Asia-Pacific,Sri Lanka,69.3,7.3,1.0,13.6,1.0,9.8,1.0,1.0
201,2010,Middle East-North Africa,Sudan,1.0,5.4,2.8,1.0,1.0,90.7,1.0,1.0
202,2010,Latin America-Caribbean,Suriname,1.0,51.6,5.3,19.8,1.0,15.2,1.8,5.4
203,2010,Sub-Saharan Africa,Swaziland,1.0,88.1,1.0,1.0,1.0,1.0,1.0,10.1
204,2010,Europe,Sweden,1.0,67.2,1.0,1.0,1.0,4.6,1.0,27.0
205,2010,Europe,Switzerland,1.0,72.7,1.0,1.0,1.0,4.9,1.0,20.9
206,2010,Middle East-North Africa,Syria,1.0,5.2,1.0,1.0,1.0,92.8,1.0,2.0
207,2010,Asia-Pacific,Taiwan,21.3,5.5,44.2,1.0,1.0,1.0,16.2,
208,2010,Asia-Pacific,Tajikistan,1.0,,1.0,1.0,1.0,96.7,1.0,1.5
209,2010,Sub-Saharan Africa,Tanzania,,61.4,1.8,1.0,1.0,35.2,1.0,1.4
210,2010,Asia-Pacific,Thailand,93.2,1.0,1.0,1.0,1.0,5.5,1.0,1.0
211,2010,Asia-Pacific,Timor-Leste,1.0,99.0,1.0,1.0,1.0,1.0,1.0,1.0
212,2010,Sub-Saharan Africa,Togo,1.0,43.7,35.6,1.0,1.0,14.0,1.0,6.2
213,2010,Asia-Pacific,Tokelau,1.0,99.0,1.0,,1.0,1.0,1.0,1.0
214,2010,Asia-Pacific,Tonga,1.0,98.9,1.0,1.0,1.0,1.0,1.0,
215,2010,Latin America-Caribbean,Trinidad and Tobago,1.0,65.9,1.9,22.7,1.0,5.9,1.4,1.9
216,2010,Middle East-North Africa,Tunisia,1.0,1.0,1.0,1.0,1.0,99.0,1.0,1.0
217,2010,Asia-Pacific,Turkey,1.0,,1.0,1.0,1.0,98.0,1.0,1.2
218,2010,Asia-Pacific,Turkmenistan,1.0,6.4,1.0,1.0,1.0,93.0,1.0,1.0
219,2010,Latin America-Caribbean,Turks and Caicos Islands,1.0,92.1,2.7,1.0,1.0,1.0,1.0,4.6
220,2010,Asia-Pacific,Tuvalu,1.0,96.7,1.0,1.0,1.0,1.0,1.9,1.3
221,2010,Sub-Saharan Africa,Uganda,1.0,86.7,1.0,1.0,1.0,11.5,1.0,1.0
222,2010,Europe,Ukraine,1.0,83.8,1.0,1.0,1.0,1.2,1.0,14.7
223,2010,Middle East-North Africa,United Arab Emirates,2.0,12.6,1.0,6.6,1.0,76.9,1.0,1.1
224,2010,Europe,United Kingdom,1.0,,1.0,1.4,1.0,4.8,1.0,27.8
225,2010,North America,United States,1.2,78.3,1.0,1.0,1.8,,1.0,
226,2010,Latin America-Caribbean,U.S. Virgin Islands,1.0,94.8,1.0,1.0,1.0,,1.0,3.7
227,2010,Latin America-Caribbean,Uruguay,1.0,57.9,1.0,1.0,1.0,1.0,1.0,40.7
228,2010,Asia-Pacific,Uzbekistan,1.0,2.3,1.0,1.0,1.0,96.7,1.0,1.0
229,2010,Asia-Pacific,Vanuatu,1.0,93.3,4.1,1.0,1.0,1.0,1.4,1.2
230,2010,Latin America-Caribbean,Venezuela,1.0,89.3,1.0,1.0,1.0,1.0,1.0,10.0
231,2010,Asia-Pacific,Vietnam,16.4,8.2,45.3,1.0,1.0,1.0,1.0,29.6
232,2010,Asia-Pacific,Wallis and Futuna,1.0,97.4,1.2,1.0,1.0,1.0,1.0,1.0
233,2010,Middle East-North Africa,Western Sahara,1.0,1.0,1.0,,1.0,99.0,1.0,1.0
234,2010,Middle East-North Africa,Yemen,1.0,1.0,1.0,,1.0,99.0,1.0,1.0
235,2010,Sub-Saharan Africa,Zambia,1.0,97.6,1.0,1.0,1.0,1.0,1.0,1.0
236,2010,Sub-Saharan Africa,Zimbabwe,1.0,87.0,3.8,1.0,1.0,1.0,1.0,7.9
237,2010,Sub-Saharan Africa,South Sudan,1.0,60.5,32.9,1.0,1.0,6.2,1.0,1.0
238,2010,Latin America-Caribbean,Curacao,1.0,,1.2,1.0,1.0,1.0,1.0,3.3
239,2010,Latin America-Caribbean,Sint Maarten,1.0,93.9,1.2,1.0,1.0,1.0,1.0,3.3
240,2010,Latin America-Caribbean,Caribbean Netherlands,1.0,93.9,1.2,1.0,1.0,1.0,1.0,3.3
241,2020, World, All Countries,6.6,31.1,5.6,15.2,1.0,24.9,1.0,15.6
242,2020,North America, All Countries,1.2,74.6,1.0,1.0,1.6,1.3,1.0,19.2
243,2020,Latin America-Caribbean, All Countries,1.0,89.7,1.8,1.0,1.0,1.0,1.0,8.0
244,2020,Europe, All Countries,1.0,72.2,1.0,1.0,1.0,6.8,1.0,20.0
245,2020,Middle East-North Africa, All Countries,1.0,3.6,1.0,1.0,1.6,93.1,1.0,1.0
246,2020,Sub-Saharan Africa, All Countries,1.0,62.0,3.2,1.0,1.0,31.4,1.0,3.0
247,2020,Asia-Pacific, All Countries,11.3,7.2,8.6,26.0,1.0,25.7,1.2,20.0
248,2020,Asia-Pacific,Afghanistan,1.0,,1.0,1.0,1.0,,1.0,1.0
249,2020,Europe,Albania,1.0,16.7,1.0,1.0,1.0,82.1,1.0,1.0
250,2020,Middle East-North Africa,Algeria,1.0,1.0,1.0,1.0,1.0,97.9,1.0,1.8
251,2020,Asia-Pacific,American Samoa,1.0,98.3,1.0,1.0,1.0,1.0,1.0,1.0
252,2020,Europe,Andorra,1.0,89.5,1.0,1.0,1.0,1.0,1.0,8.8
253,2020,Sub-Saharan Africa,Angola,1.0,90.5,4.2,1.0,1.0,1.0,1.0,5.2
254,2020,Latin America-Caribbean,Anguilla,1.0,90.6,2.9,1.0,1.0,1.0,1.6,4.0
255,2020,Latin America-Caribbean,Antigua and Barbuda,1.0,93.0,3.6,1.0,1.0,1.0,1.0,1.7
256,2020,Latin America-Caribbean,Argentina,1.0,85.4,1.0,1.0,1.0,1.0,1.0,12.1
257,2020,Asia-Pacific,Armenia,1.0,98.3,1.0,1.0,1.0,1.0,1.0,1.3
258,2020,Latin America-Caribbean,Aruba,1.0,91.6,1.3,1.0,1.0,1.0,1.0,6.2
259,2020,Asia-Pacific,Australia,2.9,61.7,1.0,1.7,1.0,3.0,1.0,28.6
260,2020,Europe,Austria,1.0,78.4,1.0,1.0,1.0,6.2,1.0,14.5
261,2020,Asia-Pacific,Azerbaijan,1.0,2.6,1.0,1.0,1.0,97.3,1.0,1.0
262,2020,Latin America-Caribbean,Bahamas,1.0,96.2,1.0,1.0,1.0,1.0,1.0,3.0
263,2020,Middle East-North Africa,Bahrain,3.1,14.1,1.0,10.2,1.0,,1.0,2.0
264,2020,Asia-Pacific,Bangladesh,1.0,1.0,1.0,8.2,1.0,90.8,1.0,1.0
265,2020,Latin America-Caribbean,Barbados,1.0,95.2,1.0,1.0,1.0,1.0,1.4,
266,2020,Europe,Belarus,1.0,70.7,1.0,1.0,1.0,1.0,1.0,28.6
267,2020,Europe,Belgium,1.0,60.5,1.0,1.0,1.0,7.5,1.0,31.0
268,2020,Latin America-Caribbean,Belize,1.0,87.6,1.5,1.0,1.1,1.0,1.0,
269,2020,Sub-Saharan Africa,Benin,,,17.9,1.0,1.0,24.6,1.0,5.2
270,2020,North America,Bermuda,1.0,75.0,3.0,1.0,1.0,1.1,1.0,19.4
271,2020,Asia-Pacific,Bhutan,74.7,1.0,1.9,22.5,1.0,1.0,1.0,1.0
272,2020,Latin America-Caribbean,Bolivia,1.0,94.0,1.0,1.0,1.0,1.0,1.0,4.1
273,2020,Europe,Bosnia-Herzegovina,1.0,51.1,1.0,1.0,1.0,46.5,1.0,2.4
274,2020,Sub-Saharan Africa,Botswana,1.0,76.4,4.4,1.0,1.0,1.0,1.0,17.5
275,2020,Latin America-Caribbean,Brazil,1.0,88.1,3.2,1.0,1.0,1.0,1.0,8.4
276,2020,Latin America-Caribbean,British Virgin Islands,1.0,84.5,8.4,1.2,1.0,1.2,1.0,3.9
277,2020,Asia-Pacific,Brunei,8.6,9.4,6.2,1.0,1.0,75.1,1.0,1.0
278,2020,Europe,Bulgaria,1.0,81.0,1.0,1.0,1.0,14.2,1.0,4.7
279,2020,Sub-Saharan Africa,Burkina Faso,1.0,21.7,15.1,1.0,1.0,62.7,1.0,1.0
280,2020,Sub-Saharan Africa,Burundi,1.0,91.0,6.0,1.0,1.0,2.9,1.0,1.0
281,2020,Asia-Pacific,Cambodia,96.8,,1.0,1.0,1.0,2.0,1.0,1.0
282,2020,Sub-Saharan Africa,Cameroon,1.0,69.6,3.2,1.0,1.0,19.3,2.7,5.2
283,2020,North America,Canada,1.0,66.4,1.2,1.7,1.1,2.8,1.2,24.5
284,2020,Sub-Saharan Africa,Cape Verde,1.0,89.3,1.4,1.0,1.0,1.0,1.0,9.0
285,2020,Latin America-Caribbean,Cayman Islands,1.0,83.5,4.5,1.0,1.0,1.0,1.0,9.4
286,2020,Sub-Saharan Africa,Central African Republic,1.0,89.0,1.0,1.0,1.0,9.0,1.0,1.0
287,2020,Sub-Saharan Africa,Chad,1.0,41.1,1.3,1.0,1.0,55.1,1.0,2.4
288,2020,Europe,Channel Islands,1.0,85.2,1.0,1.0,1.0,1.0,1.0,14.2
289,2020,Latin America-Caribbean,Chile,1.0,88.3,1.5,1.0,1.0,1.0,1.0,
290,2020,Asia-Pacific,China,18.3,,21.9,1.0,1.0,2.0,1.0,51.8
291,2020,Latin America-Caribbean,Colombia,1.0,92.3,1.0,1.0,1.0,1.0,1.0,6.7
292,2020,Sub-Saharan Africa,Comoros,1.0,1.0,1.0,1.0,1.0,98.3,1.0,
293,2020,Sub-Saharan Africa,Republic of the Congo,1.0,87.1,2.7,1.0,1.0,1.2,1.0,8.0
294,2020,Sub-Saharan Africa,Democratic Republic of the Congo,1.0,95.8,1.0,1.0,1.0,1.5,1.0,1.7
295,2020,Asia-Pacific,Cook Islands,1.0,96.0,1.0,,1.0,1.0,1.0,3.2
296,2020,Latin America-Caribbean,Costa Rica,1.0,90.8,1.0,1.0,1.0,1.0,1.0,
297,2020,Sub-Saharan Africa,Ivory Coast,1.0,44.0,10.5,1.0,1.0,37.2,1.0,8.1
298,2020,Europe,Croatia,1.0,93.3,1.0,1.0,1.0,1.6,1.0,5.1
299,2020,Latin America-Caribbean,Cuba,1.0,58.9,17.6,1.0,1.0,1.0,1.0,23.2
300,2020,Asia-Pacific,Cyprus,1.0,72.3,1.0,1.0,1.0,25.0,1.0,1.9
301,2020,Europe,Czech Republic,,20.9,1.0,1.0,1.0,1.0,1.0,78.4
302,2020,Europe,Denmark,1.0,81.9,1.0,1.0,1.0,5.1,1.0,12.0
303,2020,Sub-Saharan Africa,Djibouti,1.0,2.3,1.0,1.0,1.0,96.9,1.0,1.0
304,2020,Latin America-Caribbean,Dominica,1.0,94.4,3.0,1.0,1.0,1.0,1.7,1.0
305,2020,Latin America-Caribbean,Dominican Republic,1.0,88.0,1.0,1.0,1.0,1.0,1.0,10.9
306,2020,Latin America-Caribbean,Ecuador,1.0,94.0,1.0,1.0,1.0,1.0,1.0,5.6
307,2020,Middle East-North Africa,Egypt,1.0,4.7,1.0,1.0,1.0,95.3,1.0,1.0
308,2020,Latin America-Caribbean,El Salvador,1.0,88.0,1.0,1.0,1.0,1.0,1.0,11.2
309,2020,Sub-Saharan Africa,Equatorial Guinea,1.0,88.7,1.7,1.0,1.0,4.0,1.0,5.0
310,2020,Sub-Saharan Africa,Eritrea,1.0,62.9,1.0,1.0,1.0,36.6,1.0,1.0
311,2020,Europe,Estonia,1.0,,1.0,1.0,1.0,1.0,1.0,60.2
312,2020,Sub-Saharan Africa,Ethiopia,1.0,61.9,2.1,1.0,1.0,35.9,1.0,1.0
313,2020,Europe,Faeroe Islands,1.0,98.0,1.0,,1.0,1.0,1.0,1.7
314,2020,Latin America-Caribbean,Falkland Islands (Malvinas),1.0,,1.0,1.0,1.0,1.0,1.0,31.5
315,2020,Asia-Pacific,Fiji,1.0,,1.0,27.9,1.0,6.3,1.0,1.0
316,2020,Europe,Finland,1.0,77.7,1.0,1.0,1.0,1.3,1.0,20.8
317,2020,Europe,France,1.0,58.1,1.0,1.0,1.0,8.3,1.0,31.9
318,2020,Latin America-Caribbean,French Guiana,1.0,84.0,8.6,1.4,1.0,1.3,1.0,3.9
319,2020,Asia-Pacific,French Polynesia,1.0,94.0,1.0,1.0,1.0,1.0,1.0,4.9
320,2020,Sub-Saharan Africa,Gabon,1.0,75.6,5.7,1.0,1.0,12.2,1.0,5.7
321,2020,Sub-Saharan Africa,Gambia,1.0,4.2,1.0,1.0,1.0,95.3,1.0,1.0
322,2020,Europe,Georgia,1.0,87.6,1.0,1.0,1.0,11.6,1.0,1.0
323,2020,Europe,Germany,1.0,66.0,1.0,1.0,1.0,6.9,1.0,26.3
324,2020,Sub-Saharan Africa,Ghana,1.0,73.6,4.9,1.0,1.0,17.5,1.0,3.8
325,2020,Europe,Gibraltar,1.0,88.8,1.0,1.8,2.1,4.0,1.0,
326,2020,Europe,Greece,1.0,87.6,1.0,1.0,1.0,5.9,1.0,6.1
327,2020,North America,Greenland,1.0,96.1,1.0,1.0,1.0,1.0,1.0,2.5
328,2020,Latin America-Caribbean,Grenada,1.0,,1.3,1.0,1.0,1.0,1.0,1.0
329,2020,Latin America-Caribbean,Guadeloupe,1.0,95.9,1.0,1.0,1.0,1.0,1.0,
330,2020,Asia-Pacific,Guam,1.1,94.2,1.5,1.0,1.0,1.0,1.6,
331,2020,Latin America-Caribbean,Guatemala,1.0,95.3,1.0,1.0,1.0,1.0,1.0,3.9
332,2020,Sub-Saharan Africa,Guinea,1.0,10.8,2.7,1.0,1.0,84.6,1.0,1.8
333,2020,Sub-Saharan Africa,Guinea-Bissau,1.0,18.9,30.6,1.0,1.0,46.1,1.0,4.4
334,2020,Latin America-Caribbean,Guyana,1.0,67.9,1.0,23.3,1.0,6.1,1.0,2.0
335,2020,Latin America-Caribbean,Haiti,1.0,87.0,2.1,1.0,1.0,1.0,1.0,10.7
336,2020,Europe,Vatican City,1.0,99.0,1.0,1.0,1.0,1.0,1.0,1.0
337,2020,Latin America-Caribbean,Honduras,1.0,87.5,1.1,1.0,1.0,1.0,1.0,10.5
338,2020,Asia-Pacific,Hong Kong,13.3,14.9,13.0,1.0,1.0,2.1,1.5,
339,2020,Europe,Hungary,,79.3,1.0,1.0,1.0,1.0,1.0,20.3
340,2020,Europe,Iceland,1.0,94.0,1.0,1.0,1.0,1.0,1.0,
341,2020,Asia-Pacific,India,1.0,2.4,1.0,78.9,1.0,15.4,2.1,1.0
342,2020,Asia-Pacific,Indonesia,1.0,10.2,1.0,1.6,1.0,87.0,1.0,1.0
343,2020,Asia-Pacific,Iran,1.0,1.0,1.0,1.0,1.0,99.0,1.0,1.0
344,2020,Middle East-North Africa,Iraq,1.0,1.0,1.0,1.0,1.0,99.0,1.0,1.0
345,2020,Europe,Ireland,1.0,89.7,1.0,,1.0,1.5,1.0,
346,2020,Europe,Isle of Man,1.0,84.1,1.0,1.0,1.0,1.0,1.0,15.4
347,2020,Middle East-North Africa,Israel,1.0,2.0,1.0,1.0,74.0,20.1,1.0,3.2
348,2020,Europe,Italy,1.0,80.8,1.0,1.0,1.0,4.9,1.0,13.4
349,2020,Latin America-Caribbean,Jamaica,1.0,77.3,4.6,,1.0,1.0,1.0,17.0
350,2020,Asia-Pacific,Japan,33.2,1.8,1.0,1.0,1.0,1.0,4.5,60.0
351,2020,Middle East-North Africa,Jordan,1.0,2.1,1.0,1.0,1.0,97.1,1.0,1.0
352,2020,Asia-Pacific,Kazakhstan,1.0,,1.0,1.0,1.0,72.0,1.0,4.0
353,2020,Sub-Saharan Africa,Kenya,1.0,84.5,1.5,1.0,1.0,10.5,1.1,2.3
354,2020,Asia-Pacific,Kiribati,,97.0,1.0,1.0,1.0,1.0,2.2,1.0
355,2020,Europe,Kosovo,1.0,5.6,1.0,1.0,1.0,94.3,1.0,1.0
356,2020,Middle East-North Africa,Kuwait,5.4,13.6,1.0,9.9,1.0,70.7,1.0,1.0
357,2020,Asia-Pacific,Kyrgyzstan,1.0,10.0,1.0,1.0,1.0,89.4,1.0,1.0
358,2020,Asia-Pacific,Laos,64.0,1.5,32.8,1.0,1.0,1.0,1.0,1.0
359,2020,Europe,Latvia,1.0,,1.0,1.0,1.0,1.0,1.0,45.3
360,2020,Middle East-North Africa,Lebanon,1.0,38.4,1.0,1.0,1.0,61.2,1.0,1.0
361,2020,Sub-Saharan Africa,Lesotho,1.0,97.0,1.0,1.0,1.0,1.0,1.0,2.8
362,2020,Sub-Saharan Africa,Liberia,1.0,86.2,1.0,1.0,1.0,11.7,1.0,1.4
363,2020,Middle East-North Africa,Libya,1.0,2.7,1.0,,1.0,96.6,1.0,1.0
364,2020,Europe,Liechtenstein,1.0,91.9,1.0,1.0,1.0,5.0,1.0,2.9
365,2020,Europe,Lithuania,1.0,89.9,1.0,1.0,1.0,1.0,1.0,9.8
366,2020,Europe,Luxembourg,1.0,70.6,1.0,1.0,1.0,2.3,1.0,
367,2020,Asia-Pacific,Macau,17.3,7.2,58.9,1.0,1.0,1.0,1.0,15.4
368,2020,Europe,Republic of Macedonia,1.0,55.1,1.0,1.0,1.0,43.6,1.0,1.3
369,2020,Sub-Saharan Africa,Madagascar,1.0,84.7,4.7,1.0,1.0,3.1,1.0,7.3
370,2020,Sub-Saharan Africa,Malawi,,83.4,1.7,1.0,1.0,12.8,1.0,2.0
371,2020,Asia-Pacific,Malaysia,15.7,9.4,2.2,5.8,1.0,66.1,1.0,1.0
372,2020,Asia-Pacific,Maldives,1.0,1.0,1.0,1.0,1.0,98.4,1.0,1.0
373,2020,Sub-Saharan Africa,Mali,1.0,2.4,2.5,1.0,1.0,94.6,1.0,
374,2020,Europe,Malta,1.0,97.0,1.0,1.0,1.0,1.0,1.0,2.5
375,2020,Asia-Pacific,Marshall Islands,1.0,97.5,1.0,1.0,1.0,1.0,1.0,1.5
376,2020,Latin America-Caribbean,Martinique,1.0,96.5,1.0,1.0,1.0,1.0,1.0,2.3
377,2020,Sub-Saharan Africa,Mauritania,1.0,1.0,1.0,1.0,1.0,99.0,1.0,1.0
378,2020,Sub-Saharan Africa,Mauritius,1.0,32.8,1.0,48.4,1.0,17.4,1.0,1.0
379,2020,Sub-Saharan Africa,Mayotte,1.0,1.0,1.0,1.0,1.0,98.6,1.0,1.0
380,2020,Latin America-Caribbean,Mexico,1.0,94.1,1.0,1.0,1.0,1.0,1.0,5.7
381,2020,Asia-Pacific,Federated States of Micronesia,1.0,95.3,2.7,1.0,1.0,1.0,1.0,1.0
382,2020,Europe,Moldova,1.0,97.4,1.0,1.0,1.0,1.0,1.0,1.3
383,2020,Europe,Monaco,1.0,86.0,1.0,1.0,1.7,1.0,1.0,11.7
384,2020,Asia-Pacific,Mongolia,54.4,2.3,3.4,1.0,1.0,3.4,1.0,36.5
385,2020,Europe,Montenegro,1.0,76.6,1.0,1.0,1.0,20.3,1.0,3.1
386,2020,Latin America-Caribbean,Montserrat,1.0,93.5,1.0,1.0,1.0,1.0,1.5,4.8
387,2020,Middle East-North Africa,Morocco,1.0,1.0,1.0,1.0,1.0,99.0,1.0,1.0
388,2020,Sub-Saharan Africa,Mozambique,1.0,57.8,7.6,1.0,1.0,17.2,1.0,17.3
389,2020,Asia-Pacific,Burma (Myanmar),79.8,7.8,5.8,1.7,1.0,4.2,1.0,1.0
390,2020,Sub-Saharan Africa,Namibia,1.0,97.5,1.0,1.0,1.0,1.0,1.0,1.9
391,2020,Asia-Pacific,Nauru,1.1,79.0,8.1,1.0,1.0,1.0,7.4,4.5
392,2020,Asia-Pacific,Nepal,10.0,1.0,3.6,80.6,1.0,5.0,1.0,1.0
393,2020,Europe,Netherlands,1.0,47.3,1.0,1.0,1.0,6.9,1.0,44.3
394,2020,Asia-Pacific,New Caledonia,1.0,85.2,1.0,1.0,1.0,2.8,1.0,10.4
395,2020,Asia-Pacific,New Zealand,1.9,,1.0,2.5,1.0,1.6,1.0,39.6
396,2020,Latin America-Caribbean,Nicaragua,1.0,85.3,1.4,1.0,1.0,1.0,1.0,13.0
397,2020,Sub-Saharan Africa,Niger,1.0,,1.0,,1.0,98.3,1.0,1.0
398,2020,Sub-Saharan Africa,Nigeria,1.0,46.9,1.5,1.0,1.0,51.1,1.0,1.0
399,2020,Asia-Pacific,Niue,1.0,96.4,1.0,1.0,1.0,1.0,1.0,3.3
400,2020,Asia-Pacific,North Korea,1.5,2.0,12.3,1.0,1.0,1.0,12.9,71.3
401,2020,Asia-Pacific,Northern Mariana Islands,10.6,81.3,5.3,1.0,1.0,1.0,1.1,1.0
402,2020,Europe,Norway,1.0,81.7,1.0,1.0,1.0,,1.0,11.6
403,2020,Middle East-North Africa,Oman,1.0,6.4,1.0,5.7,1.0,85.9,1.0,1.0
404,2020,Asia-Pacific,Pakistan,1.0,1.6,1.0,1.9,1.0,96.5,1.0,1.0
405,2020,Asia-Pacific,Palau,1.0,86.7,1.0,1.0,1.0,1.0,10.4,1.2
406,2020,Middle East-North Africa,Palestinian territories,1.0,2.0,1.0,1.0,1.0,97.9,1.0,1.0
407,2020,Latin America-Caribbean,Panama,1.0,92.7,1.0,1.0,1.0,1.0,1.0,
408,2020,Asia-Pacific,Papua New Guinea,1.0,99.0,1.0,1.0,1.0,1.0,1.0,1.0
409,2020,Latin America-Caribbean,Paraguay,1.0,,1.7,1.0,1.0,1.0,1.0,1.1
410,2020,Latin America-Caribbean,Peru,1.0,95.4,1.0,1.0,1.0,1.0,1.0,3.1
411,2020,Asia-Pacific,Philippines,1.0,92.4,1.6,1.0,1.0,5.7,1.0,1.0
412,2020,Europe,Poland,1.0,92.5,1.0,1.0,1.0,1.0,1.0,7.3
413,2020,Europe,Portugal,1.0,90.5,1.0,1.0,1.0,1.0,1.0,
414,2020,Latin America-Caribbean,Puerto Rico,1.0,96.5,1.0,1.0,1.0,1.0,1.0,2.1
415,2020,Middle East-North Africa,Qatar,3.8,13.7,1.0,15.9,1.0,65.2,1.0,1.0
416,2020,Sub-Saharan Africa,Reunion,1.0,87.6,1.0,4.5,1.0,4.2,1.1,2.0
417,2020,Europe,Romania,1.0,99.0,1.0,1.0,1.0,1.0,1.0,1.0
418,2020,Europe,Russia,1.0,72.9,1.0,1.0,1.0,11.4,1.0,15.2
419,2020,Sub-Saharan Africa,Rwanda,1.0,93.8,1.0,1.0,1.0,2.2,1.0,3.0
420,2020,Sub-Saharan Africa,St. Helena,1.0,96.5,1.0,1.0,1.0,1.0,1.0,3.3
421,2020,Latin America-Caribbean,St. Kitts and Nevis,1.0,94.6,1.3,1.5,1.0,1.0,1.0,
422,2020,Latin America-Caribbean,St. Lucia,1.0,91.5,1.0,1.0,1.0,1.0,1.9,5.8
423,2020,North America,St. Pierre and Miquelon,1.0,94.7,1.0,1.0,1.0,1.0,1.3,3.8
424,2020,Latin America-Caribbean,St. Vincent and the Grenadines,1.0,88.7,2.0,3.4,1.0,1.5,2.0,2.5
425,2020,Asia-Pacific,Samoa,1.0,,1.0,1.0,1.0,1.0,1.0,2.4
426,2020,Europe,San Marino,1.0,91.6,1.0,1.0,1.0,1.0,1.0,7.2
427,2020,Sub-Saharan Africa,Sao Tome and Principe,1.0,81.1,3.1,1.0,1.0,1.0,2.5,13.2
428,2020,Middle East-North Africa,Saudi Arabia,1.0,4.4,1.0,1.3,1.0,92.7,1.0,1.0
429,2020,Sub-Saharan Africa,Senegal,1.0,3.3,1.0,1.0,1.0,96.6,1.0,1.0
430,2020,Europe,Serbia,1.0,91.6,1.0,,1.0,5.0,1.0,3.3
431,2020,Sub-Saharan Africa,Seychelles,,94.0,1.0,2.1,1.0,1.1,1.0,2.1
432,2020,Sub-Saharan Africa,Sierra Leone,1.0,20.4,1.0,1.0,1.0,78.5,1.0,1.0
433,2020,Asia-Pacific,Singapore,32.2,17.7,2.4,6.5,1.0,16.1,8.5,16.5
434,2020,Europe,Slovakia,1.0,83.6,1.0,1.0,1.0,1.0,1.0,15.8
435,2020,Europe,Slovenia,1.0,77.2,1.0,1.0,1.0,3.9,1.0,18.8
436,2020,Asia-Pacific,Solomon Islands,1.0,97.4,1.3,1.0,1.0,1.0,1.0,1.0
437,2020,Sub-Saharan Africa,Somalia,1.0,1.0,1.0,1.0,1.0,99.0,1.0,1.0
438,2020,Sub-Saharan Africa,South Africa,1.0,80.8,1.0,1.0,1.0,,1.0,15.3
439,2020,Asia-Pacific,South Korea,21.9,30.1,1.0,1.0,1.0,1.0,1.0,46.6
440,2020,Europe,Spain,1.0,75.2,1.0,1.0,1.0,3.3,1.0,21.0
441,2020,Asia-Pacific,Sri Lanka,68.6,7.2,1.0,13.7,1.0,10.4,1.0,1.0
442,2020,Middle East-North Africa,Sudan,1.0,5.4,2.8,1.0,1.0,90.7,1.0,1.0
443,2020,Latin America-Caribbean,Suriname,1.0,52.3,5.6,18.8,1.0,14.3,1.9,6.2
444,2020,Sub-Saharan Africa,Swaziland,1.0,88.7,1.0,1.0,1.0,1.0,1.0,9.4
445,2020,Europe,Sweden,1.0,63.0,1.0,1.0,1.0,6.5,1.0,29.0
446,2020,Europe,Switzerland,1.0,70.0,1.0,1.0,1.0,5.6,1.0,22.8
447,2020,Middle East-North Africa,Syria,1.0,5.2,1.0,1.0,1.0,92.8,1.0,2.0
448,2020,Asia-Pacific,Taiwan,21.2,5.8,43.8,1.0,1.0,1.0,15.5,13.7
449,2020,Asia-Pacific,Tajikistan,1.0,1.8,1.0,1.0,1.0,96.4,1.0,1.5
450,2020,Sub-Saharan Africa,Tanzania,1.0,63.1,1.1,1.0,1.0,34.1,1.0,1.6
451,2020,Asia-Pacific,Thailand,92.6,1.0,1.0,1.0,1.0,6.0,1.0,1.0
452,2020,Asia-Pacific,Timor-Leste,1.0,99.0,1.0,1.0,1.0,1.0,1.0,1.0
453,2020,Sub-Saharan Africa,Togo,1.0,,36.9,1.0,1.0,14.0,1.0,6.2
454,2020,Asia-Pacific,Tokelau,1.0,99.0,1.0,1.0,1.0,1.0,1.0,1.0
455,2020,Asia-Pacific,Tonga,1.0,98.9,1.0,,1.0,1.0,1.0,1.0
456,2020,Latin America-Caribbean,Trinidad and Tobago,1.0,66.3,2.0,,1.0,5.8,1.4,1.8
457,2020,Middle East-North Africa,Tunisia,1.0,1.0,1.0,1.0,1.0,99.0,1.0,1.0
458,2020,Asia-Pacific,Turkey,1.0,1.0,1.0,1.0,1.0,98.0,1.0,1.2
459,2020,Asia-Pacific,Turkmenistan,1.0,6.4,1.0,1.0,1.0,93.0,1.0,1.0
460,2020,Latin America-Caribbean,Turks and Caicos Islands,1.0,92.1,2.7,1.0,1.0,,1.0,4.6
461,2020,Asia-Pacific,Tuvalu,1.0,96.7,1.0,1.0,1.0,1.0,1.9,1.3
462,2020,Sub-Saharan Africa,Uganda,,86.1,1.0,1.0,1.0,12.1,1.0,1.0
463,2020,Europe,Ukraine,1.0,85.6,1.0,1.0,1.0,1.7,1.0,12.5
464,2020,Middle East-North Africa,United Arab Emirates,,12.9,1.0,7.7,1.0,75.0,1.0,1.1
465,2020,Europe,United Kingdom,1.0,59.1,1.0,1.6,1.0,6.1,1.0,31.2
466,2020,North America,United States,1.2,75.5,1.0,1.0,1.7,,1.0,
467,2020,Latin America-Caribbean,U.S. Virgin Islands,1.0,94.8,1.0,1.0,1.0,1.0,1.0,3.7
468,2020,Latin America-Caribbean,Uruguay,,57.0,1.0,1.0,1.0,1.0,1.0,41.5
469,2020,Asia-Pacific,Uzbekistan,1.0,2.0,1.0,1.0,1.0,97.1,1.0,1.0
470,2020,Asia-Pacific,Vanuatu,1.0,93.5,4.0,1.0,1.0,1.0,1.4,1.2
471,2020,Latin America-Caribbean,Venezuela,1.0,89.5,1.0,1.0,1.0,1.0,1.0,
472,2020,Asia-Pacific,Vietnam,,8.4,45.0,1.0,1.0,1.0,1.0,29.9
473,2020,Asia-Pacific,Wallis and Futuna,1.0,97.4,1.2,1.0,1.0,1.0,1.0,1.0
474,2020,Middle East-North Africa,Western Sahara,1.0,1.0,1.0,1.0,1.0,99.0,1.0,1.0
475,2020,Middle East-North Africa,Yemen,1.0,1.0,1.0,1.0,1.0,99.0,1.0,1.0
476,2020,Sub-Saharan Africa,Zambia,1.0,97.4,1.0,1.0,1.0,1.0,1.0,1.0
477,2020,Sub-Saharan Africa,Zimbabwe,1.0,87.1,4.0,1.0,1.0,1.0,1.0,7.6
478,2020,Sub-Saharan Africa,South Sudan,1.0,,32.9,1.0,1.0,6.2,1.0,1.0
479,2020,Latin America-Caribbean,Curacao,1.0,93.9,1.2,1.0,1.0,1.0,1.0,3.3
480,2020,Latin America-Caribbean,Sint Maarten,1.0,93.9,1.2,1.0,1.0,1.0,1.0,3.3
481,2020,Latin America-Caribbean,Caribbean Netherlands,1.0,93.9,1.2,1.0,1.0,1.0,1.0,3.3
482,2030, World, All Countries,6.1,31.0,5.4,15.2,1.0,26.5,1.0,14.8
483,2030,North America, All Countries,1.3,71.4,1.0,1.0,1.5,1.7,1.1,21.6
484,2030,Latin America-Caribbean, All Countries,1.0,89.3,1.8,1.0,1.0,1.0,1.0,8.3
485,2030,Europe, All Countries,1.0,69.9,1.0,1.0,1.0,7.8,1.0,21.2
486,2030,Middle East-North Africa, All Countries,1.0,3.4,1.0,1.0,1.5,93.3,1.0,1.0
487,2030,Sub-Saharan Africa, All Countries,1.0,,3.2,1.0,1.0,32.8,1.0,2.9
488,2030,Asia-Pacific, All Countries,10.7,7.4,8.2,26.7,1.0,27.0,1.1,19.0
489,2030,Asia-Pacific,Afghanistan,1.0,1.0,1.0,1.0,1.0,99.0,1.0,1.0
490,2030,Europe,Albania,1.0,15.4,1.0,1.0,1.0,83.6,1.0,1.0
491,2030,Middle East-North Africa,Algeria,1.0,1.0,1.0,1.0,1.0,97.9,1.0,1.8
492,2030,Asia-Pacific,American Samoa,1.0,98.3,1.0,1.0,1.0,1.0,1.0,1.0
493,2030,Europe,Andorra,1.0,89.5,1.0,1.0,1.0,1.0,1.0,8.8
494,2030,Sub-Saharan Africa,Angola,1.0,90.5,4.1,1.0,1.0,,1.0,5.2
495,2030,Latin America-Caribbean,Anguilla,1.0,90.6,2.9,1.0,1.0,1.0,1.6,4.0
496,2030,Latin America-Caribbean,Antigua and Barbuda,1.0,93.0,3.6,1.0,1.0,1.0,1.0,1.7
497,2030,Latin America-Caribbean,Argentina,1.0,85.6,1.0,1.0,1.0,1.0,1.0,12.1
498,2030,Asia-Pacific,Armenia,1.0,98.0,1.0,1.0,1.0,1.0,1.0,1.3
499,2030,Latin America-Caribbean,Aruba,1.0,91.4,1.4,1.0,1.0,1.0,1.0,6.4
500,2030,Asia-Pacific,Australia,3.1,56.5,1.0,1.9,1.0,3.6,1.0,32.8
501,2030,Europe,Austria,1.0,76.5,1.0,1.0,1.0,7.1,1.0,15.4
502,2030,Asia-Pacific,Azerbaijan,1.0,2.3,1.0,1.0,1.0,97.6,1.0,1.0
503,2030,Latin America-Caribbean,Bahamas,1.0,96.4,1.0,1.0,1.0,1.0,1.0,2.8
504,2030,Middle East-North Africa,Bahrain,3.5,13.5,1.0,10.5,1.0,69.4,1.0,2.1
505,2030,Asia-Pacific,Bangladesh,1.0,1.0,1.0,7.9,1.0,91.1,1.0,1.0
506,2030,Latin America-Caribbean,Barbados,1.0,95.2,1.0,1.0,1.0,1.0,1.4,1.9
507,2030,Europe,Belarus,1.0,70.7,1.0,,1.0,1.1,1.0,28.1
508,2030,Europe,Belgium,1.0,57.3,1.0,1.0,1.0,8.9,1.0,32.4
509,2030,Latin America-Caribbean,Belize,1.0,87.5,1.5,1.0,1.1,,1.0,9.1
510,2030,Sub-Saharan Africa,Benin,1.0,50.9,18.2,1.0,1.0,25.5,1.0,5.4
511,2030,North America,Bermuda,1.0,75.0,3.0,1.0,1.0,1.1,1.0,19.4
512,2030,Asia-Pacific,Bhutan,74.7,1.0,1.9,22.5,1.0,1.0,1.0,1.0
513,2030,Latin America-Caribbean,Bolivia,1.0,94.1,1.0,1.0,1.0,1.0,1.0,4.1
514,2030,Europe,Bosnia-Herzegovina,1.0,50.0,1.0,1.0,1.0,47.7,1.0,
515,2030,Sub-Saharan Africa,Botswana,1.0,79.9,3.2,1.0,1.0,1.2,1.0,15.0
516,2030,Latin America-Caribbean,Brazil,1.0,87.4,3.5,1.0,1.0,1.0,1.0,8.8
517,2030,Latin America-Caribbean,British Virgin Islands,1.0,84.5,8.4,1.2,1.0,1.2,1.0,3.9
518,2030,Asia-Pacific,Brunei,8.6,9.4,6.2,1.0,1.0,75.1,1.0,1.0
519,2030,Europe,Bulgaria,1.0,80.0,1.0,1.0,1.0,14.6,1.0,5.2
520,2030,Sub-Saharan Africa,Burkina Faso,1.0,20.9,15.3,1.0,1.0,63.2,1.0,1.0
521,2030,Sub-Saharan Africa,Burundi,1.0,,6.1,1.0,1.0,3.0,1.0,1.0
522,2030,Asia-Pacific,Cambodia,96.8,1.0,1.0,1.0,1.0,2.0,1.0,1.0
523,2030,Sub-Saharan Africa,Cameroon,1.0,68.9,3.2,1.0,1.0,20.3,2.7,5.0
524,2030,North America,Canada,1.2,64.0,1.3,2.0,1.2,3.6,1.5,25.2
525,2030,Sub-Saharan Africa,Cape Verde,1.0,89.5,1.4,1.0,1.0,1.0,1.0,8.9
526,2030,Latin America-Caribbean,Cayman Islands,1.0,83.5,4.5,1.0,1.0,1.0,1.0,9.4
527,2030,Sub-Saharan Africa,Central African Republic,1.0,88.6,1.0,1.0,1.0,9.4,1.0,1.0
528,2030,Sub-Saharan Africa,Chad,1.0,41.4,1.3,1.0,1.0,54.9,1.0,2.2
529,2030,Europe,Channel Islands,1.0,85.2,1.0,1.0,1.0,1.0,1.0,14.2
530,2030,Latin America-Caribbean,Chile,1.0,87.5,1.4,1.0,1.0,1.0,1.0,10.6
531,2030,Asia-Pacific,China,18.4,5.3,21.9,1.0,1.0,2.2,1.0,51.6
532,2030,Latin America-Caribbean,Colombia,1.0,92.1,1.0,1.0,1.0,1.0,1.0,
533,2030,Sub-Saharan Africa,Comoros,1.0,1.0,1.0,1.0,1.0,98.3,1.0,1.0
534,2030,Sub-Saharan Africa,Republic of the Congo,1.0,87.3,2.7,1.0,1.0,1.1,1.0,7.8
535,2030,Sub-Saharan Africa,Democratic Republic of the Congo,1.0,95.8,1.0,1.0,1.0,1.6,1.0,1.7
536,2030,Asia-Pacific,Cook Islands,1.0,96.0,1.0,1.0,1.0,1.0,1.0,3.2
537,2030,Latin America-Caribbean,Costa Rica,1.0,90.6,1.0,1.0,1.0,1.0,1.0,8.2
538,2030,Sub-Saharan Africa,Ivory Coast,1.0,43.3,11.0,1.0,1.0,37.1,1.0,8.4
539,2030,Europe,Croatia,1.0,93.4,1.0,1.0,1.0,1.7,1.0,4.8
540,2030,Latin America-Caribbean,Cuba,1.0,58.5,17.8,1.0,1.0,1.0,1.0,23.3
541,2030,Asia-Pacific,Cyprus,1.0,71.3,1.0,1.0,1.0,24.9,1.0,2.5
542,2030,Europe,Czech Republic,1.0,19.3,1.0,1.0,1.0,1.0,1.0,79.5
543,2030,Europe,Denmark,1.0,,1.0,1.0,1.0,6.2,1.0,11.7
544,2030,Sub-Saharan Africa,Djibouti,1.0,2.3,1.0,,1.0,96.9,1.0,
545,2030,Latin America-Caribbean,Dominica,1.0,94.4,3.0,1.0,1.0,1.0,1.7,1.0
546,2030,Latin America-Caribbean,Dominican Republic,1.0,,1.0,1.0,1.0,1.0,1.0,10.8
547,2030,Latin America-Caribbean,Ecuador,1.0,93.9,1.0,1.0,1.0,1.0,1.0,5.7
548,2030,Middle East-North Africa,Egypt,1.0,,1.0,1.0,1.0,95.7,1.0,1.0
549,2030,Latin America-Caribbean,El Salvador,1.0,87.9,1.0,1.0,1.0,,1.0,11.3
550,2030,Sub-Saharan Africa,Equatorial Guinea,1.0,88.7,1.7,,1.0,4.0,1.0,5.0
551,2030,Sub-Saharan Africa,Eritrea,1.0,,1.0,1.0,1.0,,1.0,1.0
552,2030,Europe,Estonia,1.0,39.3,1.0,1.0,1.0,1.0,1.0,60.2
553,2030,Sub-Saharan Africa,Ethiopia,1.0,60.7,2.0,1.0,1.0,37.3,1.0,1.0
554,2030,Europe,Faeroe Islands,1.0,98.0,1.0,1.0,1.0,1.0,1.0,1.7
555,2030,Latin America-Caribbean,Falkland Islands (Malvinas),1.0,67.2,1.0,1.0,1.0,1.0,1.0,
556,2030,Asia-Pacific,Fiji,1.0,64.4,1.0,27.9,1.0,6.3,1.0,1.0
557,2030,Europe,Finland,1.0,75.8,1.0,1.0,1.0,1.9,1.0,21.8
558,2030,Europe,France,1.0,53.1,1.0,1.0,1.0,9.1,1.0,36.1
559,2030,Latin America-Caribbean,French Guiana,1.0,83.7,8.1,1.1,1.0,1.6,1.0,4.3
560,2030,Asia-Pacific,French Polynesia,1.0,,1.0,1.0,1.0,1.0,1.0,4.9
561,2030,Sub-Saharan Africa,Gabon,1.0,74.3,5.7,1.0,1.0,13.4,1.0,5.9
562,2030,Sub-Saharan Africa,Gambia,1.0,3.9,1.0,1.0,1.0,95.5,1.0,1.0
563,2030,Europe,Georgia,1.0,,1.0,1.0,1.0,12.4,1.0,1.0
564,2030,Europe,Germany,1.0,63.7,1.0,1.0,1.0,7.9,1.0,27.6
565,2030,Sub-Saharan Africa,Ghana,1.0,71.9,5.3,1.0,1.0,18.9,1.0,3.7
566,2030,Europe,Gibraltar,1.0,88.8,1.0,1.8,2.1,4.0,1.0,2.9
567,2030,Europe,Greece,1.0,87.0,1.0,1.0,1.0,6.5,1.0,6.0
568,2030,North America,Greenland,1.0,96.1,1.0,1.0,1.0,1.0,1.0,2.5
569,2030,Latin America-Caribbean,Grenada,1.0,96.6,1.3,1.0,1.0,1.0,1.0,1.0
570,2030,Latin America-Caribbean,Guadeloupe,,95.9,1.0,1.0,1.0,1.0,1.0,2.5
571,2030,Asia-Pacific,Guam,1.1,94.2,1.5,1.0,1.0,1.0,1.6,1.7
572,2030,Latin America-Caribbean,Guatemala,1.0,95.5,1.0,1.0,1.0,1.0,1.0,3.8
573,2030,Sub-Saharan Africa,Guinea,1.0,10.6,2.6,1.0,1.0,84.9,1.0,1.8
574,2030,Sub-Saharan Africa,Guinea-Bissau,1.0,17.9,30.5,1.0,1.0,47.1,1.0,
575,2030,Latin America-Caribbean,Guyana,1.0,69.8,1.0,21.7,1.0,5.8,1.0,1.9
576,2030,Latin America-Caribbean,Haiti,1.0,,2.0,1.0,1.0,1.0,1.0,
577,2030,Europe,Vatican City,1.0,99.0,1.0,,1.0,1.0,1.0,1.0
578,2030,Latin America-Caribbean,Honduras,1.0,87.6,1.2,1.0,1.0,1.0,1.0,10.3
579,2030,Asia-Pacific,Hong Kong,13.4,15.9,13.2,1.0,1.0,2.4,1.4,53.2
580,2030,Europe,Hungary,1.0,77.6,1.0,1.0,1.0,1.0,1.0,21.9
581,2030,Europe,Iceland,1.0,92.9,1.0,1.0,1.0,,1.0,4.4
582,2030,Asia-Pacific,India,1.0,2.3,1.0,78.2,1.0,16.3,1.9,1.0
583,2030,Asia-Pacific,Indonesia,1.0,10.5,1.0,1.5,1.0,86.8,1.0,1.0
584,2030,Asia-Pacific,Iran,1.0,1.0,1.0,1.0,1.0,99.0,1.0,1.0
585,2030,Middle East-North Africa,Iraq,1.0,1.0,1.0,1.0,1.0,99.0,1.0,1.0
586,2030,Europe,Ireland,1.0,,1.0,1.0,1.0,2.0,1.0,9.5
587,2030,Europe,Isle of Man,1.0,84.1,1.0,1.0,1.0,1.0,1.0,15.4
588,2030,Middle East-North Africa,Israel,1.0,2.0,1.0,,72.3,21.9,1.0,
589,2030,Europe,Italy,1.0,78.3,1.0,1.0,1.0,6.1,1.0,14.5
590,2030,Latin America-Caribbean,Jamaica,1.0,77.2,4.6,1.0,1.0,1.0,1.0,17.1
591,2030,Asia-Pacific,Japan,30.1,1.9,1.0,1.0,1.0,1.0,4.2,63.0
592,2030,Middle East-North Africa,Jordan,1.0,2.1,1.0,1.0,1.0,97.0,1.0,1.0
593,2030,Asia-Pacific,Kazakhstan,1.0,21.5,1.0,1.0,1.0,73.7,1.0,3.7
594,2030,Sub-Saharan Africa,Kenya,1.0,83.6,1.4,1.0,1.0,11.6,1.0,2.3
595,2030,Asia-Pacific,Kiribati,1.0,97.0,1.0,1.0,1.0,1.0,2.2,1.0
596,2030,Europe,Kosovo,,5.2,1.0,1.0,1.0,94.7,1.0,1.0
597,2030,Middle East-North Africa,Kuwait,6.5,12.8,1.0,10.5,1.0,69.6,1.0,1.0
598,2030,Asia-Pacific,Kyrgyzstan,1.0,8.9,1.0,1.0,1.0,90.5,1.0,1.0
599,2030,Asia-Pacific,Laos,61.6,,35.1,1.0,1.0,1.0,1.0,1.0
600,2030,Europe,Latvia,1.0,53.3,1.0,1.0,1.0,1.0,1.0,46.2
601,2030,Middle East-North Africa,Lebanon,1.0,38.4,1.0,1.0,1.0,61.2,1.0,1.0
602,2030,Sub-Saharan Africa,Lesotho,1.0,97.1,1.0,1.0,1.0,1.0,1.0,2.8
603,2030,Sub-Saharan Africa,Liberia,1.0,85.9,1.0,1.0,1.0,,1.0,1.3
604,2030,Middle East-North Africa,Libya,1.0,2.7,1.0,1.0,1.0,96.6,1.0,1.0
605,2030,Europe,Liechtenstein,1.0,91.9,1.0,1.0,1.0,5.0,1.0,2.9
606,2030,Europe,Lithuania,1.0,90.1,1.0,1.0,1.0,1.0,1.0,9.6
607,2030,Europe,Luxembourg,1.0,70.7,1.0,1.0,1.0,2.3,1.0,26.5
608,2030,Asia-Pacific,Macau,17.3,7.2,58.9,1.0,1.0,,1.0,15.4
609,2030,Europe,Republic of Macedonia,1.0,50.9,1.0,1.0,1.0,47.9,1.0,1.2
610,2030,Sub-Saharan Africa,Madagascar,1.0,84.1,4.8,1.0,1.0,3.1,1.0,
611,2030,Sub-Saharan Africa,Malawi,1.0,83.7,1.6,1.0,1.0,12.9,1.0,1.7
612,2030,Asia-Pacific,Malaysia,13.8,9.4,2.1,5.5,1.0,68.4,1.0,1.0
613,2030,Asia-Pacific,Maldives,1.0,1.0,1.0,1.0,1.0,98.4,1.0,1.0
614,2030,Sub-Saharan Africa,Mali,1.0,2.3,3.0,1.0,1.0,,1.0,1.0
615,2030,Europe,Malta,1.0,97.0,1.0,1.0,1.0,1.0,1.0,2.5
616,2030,Asia-Pacific,Marshall Islands,1.0,97.5,1.0,1.0,1.0,1.0,1.0,1.5
617,2030,Latin America-Caribbean,Martinique,,96.5,1.0,1.0,1.0,1.0,1.0,2.3
618,2030,Sub-Saharan Africa,Mauritania,1.0,1.0,1.0,1.0,1.0,99.0,1.0,
619,2030,Sub-Saharan Africa,Mauritius,1.0,32.8,1.0,48.2,1.0,17.4,1.0,
620,2030,Sub-Saharan Africa,Mayotte,1.0,1.0,1.0,1.0,1.0,98.6,1.0,1.0
621,2030,Latin America-Caribbean,Mexico,1.0,93.1,1.0,1.0,1.0,1.0,1.0,6.7
622,2030,Asia-Pacific,Federated States of Micronesia,1.0,95.3,2.7,,1.0,1.0,1.0,1.0
623,2030,Europe,Moldova,1.0,97.3,1.0,1.0,1.0,1.0,1.0,1.3
624,2030,Europe,Monaco,1.0,86.0,1.0,1.0,1.7,1.0,1.0,11.7
625,2030,Asia-Pacific,Mongolia,53.9,2.3,3.4,1.0,1.0,3.6,1.0,36.8
626,2030,Europe,Montenegro,1.0,75.1,1.0,1.0,1.0,21.9,1.0,3.0
627,2030,Latin America-Caribbean,Montserrat,1.0,93.5,1.0,1.0,1.0,1.0,1.5,4.8
628,2030,Middle East-North Africa,Morocco,1.0,1.0,1.0,1.0,1.0,99.0,1.0,1.0
629,2030,Sub-Saharan Africa,Mozambique,1.0,58.6,7.7,1.0,1.0,16.4,1.0,
630,2030,Asia-Pacific,Burma (Myanmar),79.7,7.8,5.7,1.7,1.0,4.4,1.0,1.0
631,2030,Sub-Saharan Africa,Namibia,1.0,97.5,1.0,1.0,1.0,1.0,1.0,1.9
632,2030,Asia-Pacific,Nauru,1.1,79.0,8.1,1.0,1.0,1.0,7.4,4.5
633,2030,Asia-Pacific,Nepal,9.7,1.0,3.6,80.4,1.0,5.5,1.0,1.0
634,2030,Europe,Netherlands,1.0,44.6,1.0,1.0,1.0,7.7,1.0,46.1
635,2030,Asia-Pacific,New Caledonia,1.0,85.2,1.0,1.0,1.0,2.8,1.0,
636,2030,Asia-Pacific,New Zealand,2.0,49.7,1.0,2.9,1.0,1.9,1.0,41.9
637,2030,Latin America-Caribbean,Nicaragua,1.0,84.9,1.4,1.0,1.0,1.0,1.0,13.4
638,2030,Sub-Saharan Africa,Niger,1.0,1.0,1.0,1.0,1.0,98.1,1.0,1.0
639,2030,Sub-Saharan Africa,Nigeria,1.0,44.2,1.6,1.0,1.0,53.7,1.0,1.0
640,2030,Asia-Pacific,Niue,1.0,96.4,1.0,1.0,1.0,1.0,1.0,3.3
641,2030,Asia-Pacific,North Korea,1.5,2.0,12.3,1.0,1.0,1.0,12.9,71.3
642,2030,Asia-Pacific,Northern Mariana Islands,10.6,81.3,5.3,1.0,1.0,1.0,1.1,1.0
643,2030,Europe,Norway,1.1,79.0,1.0,1.0,1.0,6.1,1.0,12.8
644,2030,Middle East-North Africa,Oman,,6.1,1.0,5.7,1.0,86.3,1.0,1.0
645,2030,Asia-Pacific,Pakistan,1.0,1.5,1.0,,1.0,96.4,1.0,1.0
646,2030,Asia-Pacific,Palau,1.0,86.7,1.0,1.0,1.0,1.0,10.4,1.2
647,2030,Middle East-North Africa,Palestinian territories,1.0,1.8,1.0,1.0,1.0,,1.0,1.0
648,2030,Latin America-Caribbean,Panama,1.0,92.4,1.0,1.0,1.0,1.0,1.0,5.3
649,2030,Asia-Pacific,Papua New Guinea,1.0,99.0,1.0,1.0,1.0,,1.0,1.0
650,2030,Latin America-Caribbean,Paraguay,1.0,96.8,1.8,1.0,1.0,1.0,1.0,
651,2030,Latin America-Caribbean,Peru,1.0,95.4,1.0,1.0,1.0,1.0,1.0,3.2
652,2030,Asia-Pacific,Philippines,1.0,92.2,1.6,1.0,1.0,5.8,1.0,1.0
653,2030,Europe,Poland,1.0,,1.0,1.0,1.0,1.0,1.0,9.0
654,2030,Europe,Portugal,1.0,89.1,1.0,1.0,1.0,1.0,1.0,
655,2030,Latin America-Caribbean,Puerto Rico,1.0,96.3,1.0,1.0,1.0,1.0,1.0,2.3
656,2030,Middle East-North Africa,Qatar,4.0,13.3,1.0,16.9,1.0,64.3,1.0,1.0
657,2030,Sub-Saharan Africa,Reunion,1.0,87.6,1.0,4.5,1.0,4.2,1.1,2.0
658,2030,Europe,Romania,1.0,99.0,1.0,1.0,1.0,1.0,1.0,
659,2030,Europe,Russia,1.0,72.4,1.0,1.0,1.0,13.1,1.0,13.9
660,2030,Sub-Saharan Africa,Rwanda,,93.6,1.0,,1.0,2.5,1.0,3.1
661,2030,Sub-Saharan Africa,St. Helena,1.0,96.5,1.0,1.0,1.0,1.0,1.0,3.3
662,2030,Latin America-Caribbean,St. Kitts and Nevis,1.0,94.6,1.3,1.5,1.0,1.0,1.0,1.6
663,2030,Latin America-Caribbean,St. Lucia,,92.0,1.0,1.0,1.0,1.0,1.7,5.5
664,2030,North America,St. Pierre and Miquelon,1.0,94.7,1.0,1.0,1.0,1.0,1.3,3.8
665,2030,Latin America-Caribbean,St. Vincent and the Grenadines,1.0,88.7,2.0,3.4,1.0,1.5,2.0,2.5
666,2030,Asia-Pacific,Samoa,1.0,97.2,1.0,1.0,1.0,1.0,1.0,2.1
667,2030,Europe,San Marino,1.0,91.6,1.0,1.0,1.0,1.0,1.0,7.2
668,2030,Sub-Saharan Africa,Sao Tome and Principe,1.0,80.7,3.1,,1.0,1.0,2.5,13.6
669,2030,Middle East-North Africa,Saudi Arabia,1.0,4.2,1.0,1.4,1.0,92.8,1.0,1.0
670,2030,Sub-Saharan Africa,Senegal,1.0,3.0,1.0,1.0,1.0,96.9,1.0,1.0
671,2030,Europe,Serbia,1.0,90.6,1.0,1.0,1.0,6.0,1.0,3.4
672,2030,Sub-Saharan Africa,Seychelles,1.0,94.0,1.0,2.1,1.0,1.1,1.0,2.1
673,2030,Sub-Saharan Africa,Sierra Leone,1.0,,1.0,1.0,1.0,79.1,1.0,1.0
674,2030,Asia-Pacific,Singapore,30.4,17.4,2.5,7.7,1.0,17.8,7.4,16.5
675,2030,Europe,Slovakia,1.0,82.1,1.0,1.0,1.0,1.0,1.0,17.0
676,2030,Europe,Slovenia,1.0,76.4,1.0,1.0,1.0,4.3,1.0,
677,2030,Asia-Pacific,Solomon Islands,,97.4,1.3,1.0,1.0,1.0,1.0,1.0
678,2030,Sub-Saharan Africa,Somalia,1.0,1.0,1.0,1.0,1.0,99.0,1.0,1.0
679,2030,Sub-Saharan Africa,South Africa,1.0,80.5,1.0,1.0,1.0,2.1,1.0,15.4
680,2030,Asia-Pacific,South Korea,20.7,31.2,1.0,1.0,1.0,1.0,1.0,46.5
681,2030,Europe,Spain,1.0,71.4,1.0,1.0,1.0,4.6,1.0,23.5
682,2030,Asia-Pacific,Sri Lanka,68.0,7.1,1.0,13.8,1.0,11.1,1.0,1.0
683,2030,Middle East-North Africa,Sudan,1.0,5.4,2.8,1.0,1.0,90.7,1.0,1.0
684,2030,Latin America-Caribbean,Suriname,1.0,53.1,6.1,17.7,1.0,13.5,1.9,
685,2030,Sub-Saharan Africa,Swaziland,1.0,,1.0,1.0,1.0,1.0,1.0,9.1
686,2030,Europe,Sweden,,59.1,1.0,1.0,1.0,8.3,1.0,30.7
687,2030,Europe,Switzerland,1.0,67.3,1.0,1.0,1.0,6.3,1.0,24.7
688,2030,Middle East-North Africa,Syria,1.0,5.2,1.0,1.0,1.0,92.8,1.0,2.0
689,2030,Asia-Pacific,Taiwan,21.0,6.0,43.3,1.0,1.0,1.0,14.9,14.8
690,2030,Asia-Pacific,Tajikistan,,1.9,1.0,1.0,1.0,96.3,1.0,1.5
691,2030,Sub-Saharan Africa,Tanzania,1.0,64.4,1.0,1.0,1.0,33.0,1.0,1.8
692,2030,Asia-Pacific,Thailand,91.9,,1.0,1.0,1.0,6.6,1.0,1.0
693,2030,Asia-Pacific,Timor-Leste,1.0,99.0,1.0,1.0,1.0,1.0,1.0,1.0
694,2030,Sub-Saharan Africa,Togo,1.0,40.3,38.8,1.0,1.0,14.1,1.0,6.3
695,2030,Asia-Pacific,Tokelau,1.0,99.0,1.0,1.0,1.0,1.0,1.0,1.0
696,2030,Asia-Pacific,Tonga,1.0,98.9,1.0,1.0,1.0,1.0,1.0,1.0
697,2030,Latin America-Caribbean,Trinidad and Tobago,1.0,66.7,2.0,21.9,1.0,5.7,1.5,1.8
698,2030,Middle East-North Africa,Tunisia,1.0,1.0,1.0,1.0,1.0,99.0,1.0,1.0
699,2030,Asia-Pacific,Turkey,1.0,1.0,1.0,1.0,1.0,98.0,1.0,1.2
700,2030,Asia-Pacific,Turkmenistan,1.0,6.4,1.0,1.0,1.0,93.0,1.0,
701,2030,Latin America-Caribbean,Turks and Caicos Islands,1.0,92.1,2.7,1.0,1.0,1.0,1.0,4.6
702,2030,Asia-Pacific,Tuvalu,1.0,96.7,1.0,1.0,1.0,1.0,1.9,1.3
703,2030,Sub-Saharan Africa,Uganda,1.0,85.4,1.0,1.0,1.0,12.8,1.0,1.0
704,2030,Europe,Ukraine,1.0,87.0,1.0,1.0,1.0,2.3,1.0,10.4
705,2030,Middle East-North Africa,United Arab Emirates,2.6,12.9,1.0,8.4,1.0,74.1,1.0,1.1
706,2030,Europe,United Kingdom,1.0,54.3,1.0,1.7,1.0,7.7,1.0,34.2
707,2030,North America,United States,1.3,72.2,1.0,1.0,1.6,1.4,1.1,21.2
708,2030,Latin America-Caribbean,U.S. Virgin Islands,1.0,94.8,1.0,1.0,1.0,1.0,1.0,3.7
709,2030,Latin America-Caribbean,Uruguay,1.0,56.6,1.0,1.0,1.0,1.0,1.0,42.0
710,2030,Asia-Pacific,Uzbekistan,1.0,1.8,1.0,1.0,1.0,97.4,1.0,
711,2030,Asia-Pacific,Vanuatu,,93.5,4.0,1.0,1.0,1.0,1.4,1.1
712,2030,Latin America-Caribbean,Venezuela,1.0,89.5,1.0,1.0,1.0,1.0,1.0,9.5
713,2030,Asia-Pacific,Vietnam,16.1,8.5,44.7,1.0,1.0,1.0,1.0,30.1
714,2030,Asia-Pacific,Wallis and Futuna,1.0,97.4,1.2,1.0,1.0,1.0,1.0,1.0
715,2030,Middle East-North Africa,Western Sahara,1.0,1.0,1.0,1.0,1.0,99.0,1.0,1.0
716,2030,Middle East-North Africa,Yemen,1.0,1.0,1.0,1.0,1.0,99.0,1.0,
717,2030,Sub-Saharan Africa,Zambia,1.0,97.1,1.0,1.0,1.0,1.0,1.0,1.0
718,2030,Sub-Saharan Africa,Zimbabwe,1.0,86.6,4.4,1.0,1.0,1.0,1.0,7.6
719,2030,Sub-Saharan Africa,South Sudan,1.0,60.5,32.9,,1.0,6.2,1.0,1.0
720,2030,Latin America-Caribbean,Curacao,1.0,93.9,1.2,,1.0,1.0,1.0,3.3
721,2030,Latin America-Caribbean,Sint Maarten,1.0,93.9,1.2,1.0,1.0,1.0,1.0,3.3
722,2030,Latin America-Caribbean,Caribbean Netherlands,1.0,93.9,1.2,1.0,1.0,1.0,1.0,3.3
723,2040, World, All Countries,5.7,,5.1,15.1,1.0,28.1,1.0,14.0
724,2040,North America, All Countries,1.4,68.4,1.0,1.2,1.4,2.0,1.3,23.8
725,2040,Latin America-Caribbean, All Countries,1.0,89.1,1.9,1.0,1.0,1.0,1.0,8.5
726,2040,Europe, All Countries,1.0,67.5,1.0,1.0,1.0,9.0,1.0,22.3
727,2040,Middle East-North Africa, All Countries,1.0,3.2,1.0,1.0,1.4,93.5,1.0,1.0
728,2040,Sub-Saharan Africa, All Countries,1.0,59.6,3.2,1.0,1.0,34.1,1.0,2.7
729,2040,Asia-Pacific, All Countries,10.1,7.5,7.8,27.2,1.0,,1.1,17.9
730,2040,Asia-Pacific,Afghanistan,1.0,1.0,1.0,1.0,1.0,99.0,1.0,1.0
731,2040,Europe,Albania,1.0,14.4,1.0,1.0,1.0,84.8,1.0,1.0
732,2040,Middle East-North Africa,Algeria,1.0,1.0,1.0,1.0,1.0,97.9,1.0,1.8
733,2040,Asia-Pacific,American Samoa,1.0,98.3,1.0,,1.0,1.0,1.0,1.0
734,2040,Europe,Andorra,1.0,89.5,1.0,1.0,1.0,1.0,1.0,8.8
735,2040,Sub-Saharan Africa,Angola,1.0,90.5,4.1,1.0,1.0,1.0,1.0,5.2
736,2040,Latin America-Caribbean,Anguilla,1.0,90.6,2.9,1.0,1.0,1.0,1.6,4.0
737,2040,Latin America-Caribbean,Antigua and Barbuda,1.0,93.0,3.6,1.0,1.0,,1.0,1.7
738,2040,Latin America-Caribbean,Argentina,1.0,86.0,1.0,1.0,1.0,1.0,1.0,11.8
739,2040,Asia-Pacific,Armenia,,97.7,1.0,1.0,1.0,1.0,1.0,1.3
740,2040,Latin America-Caribbean,Aruba,1.0,91.1,1.4,1.0,1.0,1.0,1.0,6.7
741,2040,Asia-Pacific,Australia,3.1,51.5,1.0,2.1,1.0,4.2,1.0,36.9
742,2040,Europe,Austria,1.0,74.7,1.0,1.0,1.0,8.0,1.0,16.2
743,2040,Asia-Pacific,Azerbaijan,1.0,2.1,1.0,1.0,1.0,97.8,1.0,1.0
744,2040,Latin America-Caribbean,Bahamas,1.0,96.5,1.0,1.0,1.0,1.0,1.0,2.7
745,2040,Middle East-North Africa,Bahrain,3.8,12.9,1.0,10.7,1.0,69.5,1.0,2.1
746,2040,Asia-Pacific,Bangladesh,1.0,1.0,1.0,,1.0,91.4,1.0,
747,2040,Latin America-Caribbean,Barbados,1.0,95.2,1.0,1.0,1.0,1.0,1.4,1.9
748,2040,Europe,Belarus,1.0,70.9,1.0,,1.0,1.7,1.0,27.2
749,2040,Europe,Belgium,1.0,54.9,1.0,1.0,1.0,10.3,1.0,33.3
750,2040,Latin America-Caribbean,Belize,,87.4,1.5,1.0,1.1,1.0,1.0,9.2
751,2040,Sub-Saharan Africa,Benin,1.0,49.6,18.3,1.0,1.0,26.4,1.0,5.6
752,2040,North America,Bermuda,,75.0,3.0,1.0,1.0,1.1,1.0,19.4
753,2040,Asia-Pacific,Bhutan,74.7,1.0,1.9,22.5,1.0,1.0,1.0,1.0
754,2040,Latin America-Caribbean,Bolivia,1.0,94.1,1.0,1.0,1.0,1.0,1.0,4.1
755,2040,Europe,Bosnia-Herzegovina,1.0,49.2,1.0,1.0,1.0,48.6,1.0,2.2
756,2040,Sub-Saharan Africa,Botswana,1.0,82.2,2.3,1.0,1.0,1.5,1.0,13.2
757,2040,Latin America-Caribbean,Brazil,1.0,86.9,3.8,1.0,1.0,1.0,1.0,9.1
758,2040,Latin America-Caribbean,British Virgin Islands,1.0,84.5,8.4,1.2,1.0,1.2,1.0,3.9
759,2040,Asia-Pacific,Brunei,8.6,9.4,6.2,1.0,1.0,75.1,1.0,1.0
760,2040,Europe,Bulgaria,1.0,79.2,1.0,1.0,1.0,14.9,1.0,5.7
761,2040,Sub-Saharan Africa,Burkina Faso,1.0,20.0,15.4,1.0,1.0,64.0,1.0,1.0
762,2040,Sub-Saharan Africa,Burundi,1.0,90.7,6.2,1.0,1.0,3.1,1.0,1.0
763,2040,Asia-Pacific,Cambodia,96.7,1.0,1.0,1.0,1.0,2.0,1.0,1.0
764,2040,Sub-Saharan Africa,Cameroon,1.0,68.2,3.1,1.0,1.0,21.2,2.7,4.8
765,2040,North America,Canada,1.3,61.9,1.3,2.3,1.3,4.5,1.7,
766,2040,Sub-Saharan Africa,Cape Verde,1.0,89.6,1.4,1.0,1.0,1.0,1.0,8.8
767,2040,Latin America-Caribbean,Cayman Islands,1.0,,4.5,1.0,1.0,1.0,1.0,9.4
768,2040,Sub-Saharan Africa,Central African Republic,1.0,88.3,1.0,1.0,1.0,9.7,1.0,1.0
769,2040,Sub-Saharan Africa,Chad,1.0,42.1,1.3,1.0,1.0,54.4,1.0,2.0
770,2040,Europe,Channel Islands,1.0,85.2,1.0,1.0,1.0,1.0,1.0,14.2
771,2040,Latin America-Caribbean,Chile,1.0,86.8,1.4,1.0,1.0,1.0,1.0,11.4
772,2040,Asia-Pacific,China,18.4,5.3,21.9,1.0,1.0,2.4,1.0,51.2
773,2040,Latin America-Caribbean,Colombia,1.0,92.0,1.0,1.0,1.0,1.0,1.0,
774,2040,Sub-Saharan Africa,Comoros,1.0,1.0,1.0,1.0,1.0,98.3,1.0,1.0
775,2040,Sub-Saharan Africa,Republic of the Congo,1.0,87.5,2.7,1.0,1.0,1.1,1.0,7.7
776,2040,Sub-Saharan Africa,Democratic Republic of the Congo,1.0,95.8,1.0,1.0,1.0,1.6,1.0,1.7
777,2040,Asia-Pacific,Cook Islands,1.0,96.0,1.0,1.0,1.0,1.0,1.0,3.2
778,2040,Latin America-Caribbean,Costa Rica,1.0,90.5,1.0,1.0,1.0,1.0,1.0,8.3
779,2040,Sub-Saharan Africa,Ivory Coast,1.0,42.4,11.5,1.0,1.0,37.2,1.0,8.7
780,2040,Europe,Croatia,1.0,93.6,1.0,1.0,1.0,1.8,1.0,
781,2040,Latin America-Caribbean,Cuba,1.0,58.2,18.1,1.0,1.0,1.0,1.0,23.4
782,2040,Asia-Pacific,Cyprus,1.0,70.1,1.0,1.0,1.0,25.0,1.0,3.1
783,2040,Europe,Czech Republic,1.0,18.6,1.0,1.0,1.0,1.0,1.0,79.6
784,2040,Europe,Denmark,1.0,79.8,1.0,1.0,1.0,7.3,1.0,
785,2040,Sub-Saharan Africa,Djibouti,1.0,2.3,1.0,1.0,1.0,96.9,1.0,1.0
786,2040,Latin America-Caribbean,Dominica,1.0,94.4,3.0,1.0,1.0,1.0,1.7,1.0
787,2040,Latin America-Caribbean,Dominican Republic,1.0,88.2,1.0,1.0,1.0,1.0,1.0,10.7
788,2040,Latin America-Caribbean,Ecuador,1.0,93.8,1.0,1.0,1.0,1.0,1.0,5.7
789,2040,Middle East-North Africa,Egypt,1.0,4.0,1.0,1.0,1.0,96.0,1.0,1.0
790,2040,Latin America-Caribbean,El Salvador,1.0,,1.0,1.0,1.0,1.0,1.0,11.5
791,2040,Sub-Saharan Africa,Equatorial Guinea,1.0,88.7,1.7,1.0,1.0,4.0,1.0,5.0
792,2040,Sub-Saharan Africa,Eritrea,1.0,62.9,1.0,1.0,1.0,36.6,1.0,1.0
793,2040,Europe,Estonia,1.0,39.7,1.0,1.0,1.0,1.0,1.0,59.8
794,2040,Sub-Saharan Africa,Ethiopia,1.0,59.4,1.9,1.0,1.0,38.6,1.0,1.0
795,2040,Europe,Faeroe Islands,1.0,98.0,1.0,1.0,1.0,1.0,1.0,1.7
796,2040,Latin America-Caribbean,Falkland Islands (Malvinas),1.0,67.2,1.0,1.0,1.0,1.0,1.0,31.5
797,2040,Asia-Pacific,Fiji,1.0,64.4,1.0,27.9,1.0,6.3,1.0,1.0
798,2040,Europe,Finland,1.0,74.2,1.0,1.0,1.0,2.5,1.0,22.5
799,2040,Europe,France,1.0,47.9,1.0,1.0,1.0,9.9,1.0,40.5
800,2040,Latin America-Caribbean,French Guiana,1.0,,7.8,1.0,1.0,1.9,1.0,4.6
801,2040,Asia-Pacific,French Polynesia,1.0,94.0,1.0,1.0,1.0,1.0,1.0,4.9
802,2040,Sub-Saharan Africa,Gabon,,72.9,5.5,1.0,1.0,14.7,1.0,6.1
803,2040,Sub-Saharan Africa,Gambia,1.0,3.6,1.0,1.0,1.0,95.6,1.0,1.0
804,2040,Europe,Georgia,1.0,85.9,1.0,1.0,1.0,13.3,1.0,1.0
805,2040,Europe,Germany,1.0,,1.0,1.0,1.0,8.9,1.0,28.7
806,2040,Sub-Saharan Africa,Ghana,1.0,69.8,5.8,1.0,1.0,20.6,1.0,3.6
807,2040,Europe,Gibraltar,1.0,88.8,1.0,1.8,2.1,4.0,1.0,2.9
808,2040,Europe,Greece,1.0,86.5,1.0,1.0,1.0,7.2,1.0,5.8
809,2040,North America,Greenland,1.0,96.1,1.0,1.0,1.0,1.0,1.0,2.5
810,2040,Latin America-Caribbean,Grenada,,96.6,1.3,1.0,1.0,1.0,1.0,1.0
811,2040,Latin America-Caribbean,Guadeloupe,1.0,,1.0,1.0,1.0,1.0,1.0,
812,2040,Asia-Pacific,Guam,1.1,94.2,1.5,1.0,1.0,1.0,1.6,
813,2040,Latin America-Caribbean,Guatemala,1.0,95.6,1.0,1.0,1.0,1.0,1.0,3.7
814,2040,Sub-Saharan Africa,Guinea,1.0,10.3,2.6,1.0,1.0,85.2,1.0,1.8
815,2040,Sub-Saharan Africa,Guinea-Bissau,1.0,16.9,30.6,1.0,1.0,48.0,1.0,4.5
816,2040,Latin America-Caribbean,Guyana,1.0,71.8,1.0,20.1,1.0,5.5,1.0,1.9
817,2040,Latin America-Caribbean,Haiti,1.0,86.7,2.0,1.0,1.0,1.0,1.0,11.1
818,2040,Europe,Vatican City,1.0,99.0,1.0,1.0,1.0,1.0,1.0,
819,2040,Latin America-Caribbean,Honduras,1.0,87.7,1.2,1.0,1.0,1.0,1.0,10.1
820,2040,Asia-Pacific,Hong Kong,13.4,,13.3,1.0,1.0,2.8,1.4,51.3
821,2040,Europe,Hungary,1.0,76.6,1.0,1.0,1.0,1.0,1.0,22.9
822,2040,Europe,Iceland,1.0,91.9,1.0,1.0,1.0,1.3,1.0,
823,2040,Asia-Pacific,India,1.0,2.3,1.0,77.5,1.0,17.3,1.7,1.0
824,2040,Asia-Pacific,Indonesia,1.0,10.8,1.0,1.5,1.0,86.7,1.0,1.0
825,2040,Asia-Pacific,Iran,1.0,1.0,1.0,1.0,1.0,99.0,1.0,1.0
826,2040,Middle East-North Africa,Iraq,,1.0,1.0,1.0,1.0,99.0,1.0,1.0
827,2040,Europe,Ireland,1.0,85.4,1.0,1.0,1.0,2.5,1.0,10.9
828,2040,Europe,Isle of Man,1.0,84.1,1.0,1.0,1.0,1.0,1.0,
829,2040,Middle East-North Africa,Israel,,2.0,1.0,1.0,71.0,23.4,1.0,3.0
830,2040,Europe,Italy,1.0,75.6,1.0,1.0,1.0,7.7,1.0,15.5
831,2040,Latin America-Caribbean,Jamaica,1.0,77.1,4.6,1.0,1.0,1.0,1.0,17.1
832,2040,Asia-Pacific,Japan,27.3,2.1,1.0,1.0,1.0,1.0,4.0,65.7
833,2040,Middle East-North Africa,Jordan,,2.1,1.0,1.0,1.0,97.0,1.0,1.0
834,2040,Asia-Pacific,Kazakhstan,1.0,19.9,1.0,1.0,1.0,75.6,1.0,3.2
835,2040,Sub-Saharan Africa,Kenya,1.0,82.8,1.3,1.0,1.0,12.5,1.0,
836,2040,Asia-Pacific,Kiribati,1.0,97.0,1.0,1.0,1.0,1.0,2.2,1.0
837,2040,Europe,Kosovo,1.0,4.9,1.0,1.0,1.0,94.9,1.0,1.0
838,2040,Middle East-North Africa,Kuwait,7.1,12.3,1.0,10.7,1.0,69.3,1.0,1.0
839,2040,Asia-Pacific,Kyrgyzstan,1.0,7.9,1.0,1.0,1.0,91.5,1.0,1.0
840,2040,Asia-Pacific,Laos,59.2,1.5,37.4,1.0,1.0,1.0,1.0,1.0
841,2040,Europe,Latvia,1.0,53.6,1.0,1.0,1.0,1.0,1.0,45.9
842,2040,Middle East-North Africa,Lebanon,1.0,38.3,1.0,1.0,1.0,61.3,1.0,
843,2040,Sub-Saharan Africa,Lesotho,1.0,97.1,1.0,1.0,1.0,1.0,1.0,2.7
844,2040,Sub-Saharan Africa,Liberia,1.0,85.6,1.0,1.0,1.0,12.0,1.0,1.3
845,2040,Middle East-North Africa,Libya,1.0,2.7,1.0,1.0,1.0,96.6,1.0,1.0
846,2040,Europe,Liechtenstein,1.0,91.9,1.0,1.0,1.0,5.0,1.0,
847,2040,Europe,Lithuania,1.0,,1.0,1.0,1.0,1.0,1.0,9.2
848,2040,Europe,Luxembourg,1.0,70.9,1.0,1.0,1.0,2.3,1.0,26.4
849,2040,Asia-Pacific,Macau,17.3,7.2,58.9,1.0,1.0,1.0,1.0,
850,2040,Europe,Republic of Macedonia,1.0,46.7,1.0,1.0,1.0,52.1,1.0,1.1
851,2040,Sub-Saharan Africa,Madagascar,1.0,83.5,5.0,1.0,1.0,3.2,1.0,8.2
852,2040,Sub-Saharan Africa,Malawi,1.0,83.8,1.6,1.0,1.0,12.9,1.0,1.5
853,2040,Asia-Pacific,Malaysia,12.2,9.4,2.0,5.3,1.0,,1.0,1.0
854,2040,Asia-Pacific,Maldives,1.0,1.0,1.0,1.0,1.0,98.4,1.0,1.0
855,2040,Sub-Saharan Africa,Mali,1.0,2.3,3.5,1.0,1.0,93.6,1.0,1.0
856,2040,Europe,Malta,1.0,97.0,1.0,1.0,1.0,1.0,1.0,2.5
857,2040,Asia-Pacific,Marshall Islands,1.0,97.5,1.0,1.0,1.0,1.0,1.0,1.5
858,2040,Latin America-Caribbean,Martinique,1.0,96.5,1.0,1.0,1.0,1.0,1.0,2.3
859,2040,Sub-Saharan Africa,Mauritania,1.0,1.0,1.0,1.0,1.0,99.0,1.0,1.0
860,2040,Sub-Saharan Africa,Mauritius,1.0,32.8,1.0,48.1,1.0,17.5,1.0,1.0
861,2040,Sub-Saharan Africa,Mayotte,1.0,1.0,1.0,1.0,1.0,98.6,1.0,1.0
862,2040,Latin America-Caribbean,Mexico,1.0,,1.0,1.0,1.0,1.0,1.0,7.6
863,2040,Asia-Pacific,Federated States of Micronesia,1.0,95.3,2.7,1.0,1.0,1.0,1.0,1.0
864,2040,Europe,Moldova,1.0,97.2,1.0,1.0,1.0,1.2,1.0,1.3
865,2040,Europe,Monaco,1.0,86.0,1.0,1.0,1.7,1.0,1.0,11.7
866,2040,Asia-Pacific,Mongolia,53.4,2.2,3.4,1.0,1.0,3.8,1.0,37.1
867,2040,Europe,Montenegro,1.0,73.4,1.0,,1.0,23.7,1.0,2.9
868,2040,Latin America-Caribbean,Montserrat,1.0,93.5,1.0,,1.0,1.0,1.5,
869,2040,Middle East-North Africa,Morocco,1.0,1.0,1.0,1.0,1.0,99.0,1.0,1.0
870,2040,Sub-Saharan Africa,Mozambique,1.0,,7.9,1.0,1.0,,1.0,17.0
871,2040,Asia-Pacific,Burma (Myanmar),79.7,7.8,5.6,1.7,1.0,,1.0,
872,2040,Sub-Saharan Africa,Namibia,1.0,,1.0,1.0,1.0,1.0,1.0,2.0
873,2040,Asia-Pacific,Nauru,1.1,79.0,8.1,1.0,1.0,1.0,7.4,4.5
874,2040,Asia-Pacific,Nepal,9.4,,3.6,80.1,1.0,6.0,1.0,
875,2040,Europe,Netherlands,1.0,41.9,1.0,1.0,1.0,8.5,1.0,47.9
876,2040,Asia-Pacific,New Caledonia,1.0,85.2,1.0,1.0,1.0,2.8,1.0,10.4
877,2040,Asia-Pacific,New Zealand,2.1,46.9,1.0,3.3,1.0,2.3,1.0,
878,2040,Latin America-Caribbean,Nicaragua,1.0,84.6,1.4,1.0,1.0,1.0,1.0,
879,2040,Sub-Saharan Africa,Niger,1.0,1.1,1.0,1.0,1.0,98.0,1.0,
880,2040,Sub-Saharan Africa,Nigeria,1.0,41.5,1.7,1.0,1.0,56.4,1.0,1.0
881,2040,Asia-Pacific,Niue,,96.4,1.0,1.0,1.0,1.0,1.0,3.3
882,2040,Asia-Pacific,North Korea,1.5,2.0,12.3,1.0,1.0,1.0,12.9,71.3
883,2040,Asia-Pacific,Northern Mariana Islands,10.6,81.3,5.3,1.0,1.0,1.0,1.1,1.0
884,2040,Europe,Norway,1.3,76.3,1.0,1.0,1.0,7.5,1.0,13.8
885,2040,Middle East-North Africa,Oman,1.0,5.8,1.0,5.7,1.0,86.8,1.0,1.0
886,2040,Asia-Pacific,Pakistan,1.0,1.5,1.0,2.0,1.0,96.5,1.0,1.0
887,2040,Asia-Pacific,Palau,1.0,86.7,1.0,1.0,1.0,,10.4,1.2
888,2040,Middle East-North Africa,Palestinian territories,1.0,1.6,1.0,1.0,1.0,98.3,1.0,1.0
889,2040,Latin America-Caribbean,Panama,1.0,,1.0,1.0,1.0,1.0,1.0,5.5
890,2040,Asia-Pacific,Papua New Guinea,1.0,99.0,1.0,1.0,1.0,1.0,1.0,1.0
891,2040,Latin America-Caribbean,Paraguay,1.0,96.8,1.8,1.0,1.0,1.0,1.0,1.1
892,2040,Latin America-Caribbean,Peru,1.0,95.3,1.0,1.0,1.0,1.0,1.0,3.3
893,2040,Asia-Pacific,Philippines,1.0,92.1,1.6,1.0,1.0,6.0,1.0,1.0
894,2040,Europe,Poland,1.0,88.8,1.0,1.0,1.0,1.0,1.0,
895,2040,Europe,Portugal,1.0,87.7,1.0,1.0,1.0,1.0,1.0,10.5
896,2040,Latin America-Caribbean,Puerto Rico,1.0,96.0,1.0,1.0,1.0,1.0,1.0,2.5
897,2040,Middle East-North Africa,Qatar,4.1,13.0,1.0,17.1,1.0,64.2,1.0,1.0
898,2040,Sub-Saharan Africa,Reunion,1.0,87.6,1.0,4.5,1.0,4.2,1.1,2.0
899,2040,Europe,Romania,1.0,99.0,1.0,1.0,1.0,1.0,1.0,1.0
900,2040,Europe,Russia,1.0,,1.0,,1.0,15.0,1.0,12.6
901,2040,Sub-Saharan Africa,Rwanda,1.0,93.2,1.0,1.0,1.0,2.9,1.0,
902,2040,Sub-Saharan Africa,St. Helena,1.0,96.5,1.0,1.0,1.0,1.0,1.0,3.3
903,2040,Latin America-Caribbean,St. Kitts and Nevis,1.0,94.6,1.3,1.5,1.0,1.0,1.0,1.6
904,2040,Latin America-Caribbean,St. Lucia,1.0,92.4,1.0,1.0,1.0,1.0,1.6,5.2
905,2040,North America,St. Pierre and Miquelon,1.0,94.7,1.0,1.0,1.0,1.0,1.3,3.8
906,2040,Latin America-Caribbean,St. Vincent and the Grenadines,1.0,88.7,2.0,3.4,1.0,1.5,2.0,2.5
907,2040,Asia-Pacific,Samoa,1.0,97.4,1.0,1.0,1.0,1.0,1.0,2.0
908,2040,Europe,San Marino,1.0,91.6,1.0,1.0,1.0,1.0,1.0,7.2
909,2040,Sub-Saharan Africa,Sao Tome and Principe,1.0,80.3,3.1,1.0,1.0,1.0,2.6,14.0
910,2040,Middle East-North Africa,Saudi Arabia,1.0,4.1,1.0,1.5,1.0,92.9,1.0,1.0
911,2040,Sub-Saharan Africa,Senegal,1.0,2.8,1.0,1.0,1.0,97.2,1.0,1.0
912,2040,Europe,Serbia,1.0,89.6,1.0,1.0,1.0,7.0,1.0,
913,2040,Sub-Saharan Africa,Seychelles,1.0,94.0,1.0,2.1,1.0,1.1,1.0,2.1
914,2040,Sub-Saharan Africa,Sierra Leone,1.0,,1.0,,1.0,79.8,1.0,1.0
915,2040,Asia-Pacific,Singapore,28.8,17.3,2.6,8.9,1.0,19.4,6.5,
916,2040,Europe,Slovakia,1.0,,1.0,1.0,1.0,1.0,1.0,18.1
917,2040,Europe,Slovenia,1.0,75.7,1.0,1.0,1.0,4.5,1.0,19.7
918,2040,Asia-Pacific,Solomon Islands,1.0,97.4,1.3,1.0,1.0,,1.0,1.0
919,2040,Sub-Saharan Africa,Somalia,1.0,1.0,1.0,1.0,1.0,99.0,1.0,1.0
920,2040,Sub-Saharan Africa,South Africa,1.0,80.2,1.0,1.0,1.0,2.3,1.0,15.5
921,2040,Asia-Pacific,South Korea,19.4,32.4,1.0,1.0,1.0,1.0,1.0,46.5
922,2040,Europe,Spain,1.0,68.1,1.0,1.0,1.0,5.9,1.0,25.2
923,2040,Asia-Pacific,Sri Lanka,67.4,7.0,1.0,13.9,1.0,11.7,1.0,1.0
924,2040,Middle East-North Africa,Sudan,1.0,5.4,2.8,1.0,1.0,90.7,1.0,1.0
925,2040,Latin America-Caribbean,Suriname,1.0,53.8,6.4,16.5,1.0,12.6,2.0,7.8
926,2040,Sub-Saharan Africa,Swaziland,1.0,89.2,1.1,1.0,1.0,1.0,1.0,8.8
927,2040,Europe,Sweden,1.0,55.5,1.0,1.0,1.0,10.3,1.0,32.0
928,2040,Europe,Switzerland,1.0,64.4,1.0,1.0,1.0,7.0,1.0,26.6
929,2040,Middle East-North Africa,Syria,1.0,5.1,1.0,1.0,1.0,92.8,1.0,2.0
930,2040,Asia-Pacific,Taiwan,20.7,6.3,42.8,1.0,1.0,1.0,14.3,15.9
931,2040,Asia-Pacific,Tajikistan,1.0,2.0,1.0,1.0,1.0,96.2,1.0,1.5
932,2040,Sub-Saharan Africa,Tanzania,1.0,65.6,1.0,1.0,1.0,31.8,1.0,2.0
933,2040,Asia-Pacific,Thailand,91.1,1.0,1.0,1.0,1.0,7.4,1.0,1.0
934,2040,Asia-Pacific,Timor-Leste,1.0,99.0,1.0,1.0,1.0,1.0,1.0,1.0
935,2040,Sub-Saharan Africa,Togo,1.0,,40.5,1.0,1.0,14.0,1.0,6.4
936,2040,Asia-Pacific,Tokelau,1.0,99.0,1.0,1.0,1.0,1.0,1.0,1.0
937,2040,Asia-Pacific,Tonga,1.0,98.9,1.0,1.0,1.0,1.0,1.0,1.0
938,2040,Latin America-Caribbean,Trinidad and Tobago,1.0,67.2,2.1,21.4,1.0,5.6,1.5,1.8
939,2040,Middle East-North Africa,Tunisia,1.0,1.0,1.0,1.0,1.0,99.0,1.0,1.0
940,2040,Asia-Pacific,Turkey,1.0,1.0,1.0,,1.0,98.0,1.0,1.2
941,2040,Asia-Pacific,Turkmenistan,1.0,6.4,1.0,1.0,1.0,92.9,1.0,1.0
942,2040,Latin America-Caribbean,Turks and Caicos Islands,1.0,92.1,2.7,1.0,1.0,1.0,1.0,4.6
943,2040,Asia-Pacific,Tuvalu,1.0,96.7,1.0,1.0,1.0,1.0,1.9,1.3
944,2040,Sub-Saharan Africa,Uganda,1.0,84.8,1.0,1.0,1.0,13.4,1.0,1.0
945,2040,Europe,Ukraine,,88.3,1.0,1.0,1.0,2.9,1.0,8.4
946,2040,Middle East-North Africa,United Arab Emirates,2.7,13.0,1.0,9.0,1.0,73.4,1.0,1.1
947,2040,Europe,United Kingdom,1.0,,1.0,1.9,1.0,9.4,1.0,
948,2040,North America,United States,1.4,69.1,1.0,1.1,1.5,1.8,1.3,23.6
949,2040,Latin America-Caribbean,U.S. Virgin Islands,1.0,94.8,1.0,1.0,1.0,1.0,1.0,3.7
950,2040,Latin America-Caribbean,Uruguay,1.0,56.4,1.0,1.0,1.0,1.0,1.0,42.2
951,2040,Asia-Pacific,Uzbekistan,1.0,1.6,1.0,1.0,1.0,97.6,1.0,1.0
952,2040,Asia-Pacific,Vanuatu,1.0,93.5,4.0,1.0,1.0,1.0,1.4,1.1
953,2040,Latin America-Caribbean,Venezuela,1.0,89.6,1.0,1.0,1.0,1.0,1.0,9.4
954,2040,Asia-Pacific,Vietnam,,8.7,44.4,1.0,1.0,1.0,1.0,30.2
955,2040,Asia-Pacific,Wallis and Futuna,1.0,97.4,1.2,1.0,1.0,1.0,1.0,1.0
956,2040,Middle East-North Africa,Western Sahara,1.0,,1.0,1.0,1.0,99.0,1.0,
957,2040,Middle East-North Africa,Yemen,1.0,1.0,1.0,1.0,1.0,99.0,1.0,1.0
958,2040,Sub-Saharan Africa,Zambia,1.0,96.9,1.0,1.0,1.0,1.0,1.0,
959,2040,Sub-Saharan Africa,Zimbabwe,1.0,86.4,4.6,1.0,1.0,1.0,1.0,7.6
960,2040,Sub-Saharan Africa,South Sudan,1.0,60.5,32.9,1.0,1.0,6.2,1.0,1.0
961,2040,Latin America-Caribbean,Curacao,1.0,93.9,1.2,1.0,1.0,,1.0,3.3
962,2040,Latin America-Caribbean,Sint Maarten,1.0,93.9,1.2,1.0,1.0,1.0,1.0,3.3
963,2040,Latin America-Caribbean,Caribbean Netherlands,1.0,93.9,1.2,1.0,1.0,1.0,1.0,3.3
964,2050, World, All Countries,5.2,,4.8,14.9,1.0,29.7,1.0,13.2
965,2050,North America, All Countries,1.4,,1.0,1.3,1.4,2.4,1.5,
966,2050,Latin America-Caribbean, All Countries,1.0,88.9,1.9,1.0,1.0,1.0,1.0,8.7
967,2050,Europe, All Countries,1.0,65.2,1.0,1.0,1.0,10.2,1.0,23.3
968,2050,Middle East-North Africa, All Countries,1.0,3.1,1.0,1.0,1.4,93.7,1.0,1.0
969,2050,Sub-Saharan Africa, All Countries,1.0,58.5,3.2,1.0,1.0,35.2,1.0,2.7
970,2050,Asia-Pacific, All Countries,9.6,7.7,7.4,27.7,1.0,29.5,1.0,17.0
971,2050,Asia-Pacific,Afghanistan,1.0,1.0,1.0,1.0,1.0,99.0,1.0,1.0
972,2050,Europe,Albania,1.0,13.4,1.0,1.0,1.0,85.9,1.0,1.0
973,2050,Middle East-North Africa,Algeria,1.0,1.0,1.0,1.0,1.0,98.0,1.0,1.8
974,2050,Asia-Pacific,American Samoa,1.0,98.3,1.0,1.0,1.0,1.0,1.0,
975,2050,Europe,Andorra,1.0,89.5,1.0,1.0,1.0,1.0,1.0,8.8
976,2050,Sub-Saharan Africa,Angola,1.0,90.5,4.1,1.0,1.0,1.0,1.0,5.2
977,2050,Latin America-Caribbean,Anguilla,1.0,90.6,2.9,,1.0,1.0,1.6,4.0
978,2050,Latin America-Caribbean,Antigua and Barbuda,1.0,93.0,3.6,1.0,1.0,1.0,1.0,1.7
979,2050,Latin America-Caribbean,Argentina,1.0,86.6,1.0,1.0,1.0,1.0,1.0,11.5
980,2050,Asia-Pacific,Armenia,1.0,97.4,1.0,1.0,1.0,1.1,1.0,1.3
981,2050,Latin America-Caribbean,Aruba,1.0,90.9,1.4,1.0,1.0,1.0,1.0,6.8
982,2050,Asia-Pacific,Australia,3.1,47.0,1.0,2.3,1.0,4.9,1.0,40.4
983,2050,Europe,Austria,1.0,,1.0,1.0,1.0,8.9,1.0,17.2
984,2050,Asia-Pacific,Azerbaijan,1.0,1.9,1.0,1.0,1.0,,1.0,1.0
985,2050,Latin America-Caribbean,Bahamas,1.0,96.7,1.0,1.0,1.0,1.0,1.0,2.6
986,2050,Middle East-North Africa,Bahrain,4.0,12.1,1.0,10.7,1.0,70.2,1.0,2.1
987,2050,Asia-Pacific,Bangladesh,1.0,1.0,1.0,7.3,1.0,91.7,1.0,1.0
988,2050,Latin America-Caribbean,Barbados,1.0,95.2,1.0,1.0,1.0,1.0,1.4,1.9
989,2050,Europe,Belarus,1.0,71.2,1.0,1.0,1.0,2.4,1.0,26.2
990,2050,Europe,Belgium,,52.8,1.0,1.0,1.0,11.8,1.0,33.6
991,2050,Latin America-Caribbean,Belize,1.0,87.3,1.5,1.0,1.1,1.0,1.0,9.2
992,2050,Sub-Saharan Africa,Benin,1.0,48.5,18.4,1.0,1.0,27.3,1.0,5.8
993,2050,North America,Bermuda,1.0,75.0,3.0,1.0,1.0,1.1,1.0,19.4
994,2050,Asia-Pacific,Bhutan,74.7,1.0,1.9,22.5,1.0,,1.0,1.0
995,2050,Latin America-Caribbean,Bolivia,1.0,94.2,1.0,1.0,1.0,1.0,1.0,4.1
996,2050,Europe,Bosnia-Herzegovina,1.0,48.5,1.0,1.0,1.0,49.4,1.0,2.1
997,2050,Sub-Saharan Africa,Botswana,1.0,83.9,1.7,1.0,1.0,1.8,1.0,11.8
998,2050,Latin America-Caribbean,Brazil,,86.4,4.0,1.0,1.0,1.0,1.0,9.3
999,2050,Latin America-Caribbean,British Virgin Islands,1.0,84.5,8.4,1.2,1.0,1.2,1.0,3.9
1000,2050,Asia-Pacific,Brunei,8.6,9.4,6.2,1.0,1.0,75.1,1.0,1.0
1001,2050,Europe,Bulgaria,1.0,78.7,1.0,1.0,1.0,15.0,1.0,6.2
1002,2050,Sub-Saharan Africa,Burkina Faso,1.0,19.3,15.5,1.0,1.0,64.6,1.0,1.0
1003,2050,Sub-Saharan Africa,Burundi,1.0,90.5,6.3,1.0,1.0,3.2,1.0,1.0
1004,2050,Asia-Pacific,Cambodia,96.7,1.0,1.0,1.0,1.0,,1.0,1.0
1005,2050,Sub-Saharan Africa,Cameroon,1.0,67.6,3.1,1.0,1.0,22.0,2.7,4.6
1006,2050,North America,Canada,1.5,60.2,1.4,2.6,1.4,5.5,1.9,25.6
1007,2050,Sub-Saharan Africa,Cape Verde,1.0,89.7,1.3,1.0,1.0,1.0,1.0,8.7
1008,2050,Latin America-Caribbean,Cayman Islands,1.0,83.5,4.5,1.0,1.0,1.0,1.0,9.4
1009,2050,Sub-Saharan Africa,Central African Republic,,,1.0,1.0,1.0,10.1,1.0,1.0
1010,2050,Sub-Saharan Africa,Chad,1.0,42.7,1.3,1.0,1.0,,1.0,
1011,2050,Europe,Channel Islands,1.0,85.2,1.0,1.0,1.0,1.0,1.0,14.2
1012,2050,Latin America-Caribbean,Chile,1.0,86.2,1.3,1.0,1.0,1.0,1.0,12.0
1013,2050,Asia-Pacific,China,18.5,5.4,21.8,1.0,1.0,2.7,1.0,50.8
1014,2050,Latin America-Caribbean,Colombia,1.0,91.8,1.0,1.0,1.0,1.0,1.0,7.2
1015,2050,Sub-Saharan Africa,Comoros,1.0,1.0,1.0,1.0,1.0,98.3,1.0,1.0
1016,2050,Sub-Saharan Africa,Republic of the Congo,1.0,87.8,2.7,1.0,1.0,1.1,1.0,7.4
1017,2050,Sub-Saharan Africa,Democratic Republic of the Congo,1.0,95.7,1.0,1.0,1.0,1.7,1.0,1.7
1018,2050,Asia-Pacific,Cook Islands,1.0,96.0,1.0,1.0,1.0,1.0,1.0,3.2
1019,2050,Latin America-Caribbean,Costa Rica,1.0,90.4,1.0,1.0,1.0,1.0,1.0,8.3
1020,2050,Sub-Saharan Africa,Ivory Coast,1.0,41.5,12.0,1.0,1.0,37.3,1.0,
1021,2050,Europe,Croatia,1.0,93.6,1.0,1.0,1.0,1.9,1.0,4.4
1022,2050,Latin America-Caribbean,Cuba,1.0,57.8,18.3,,1.0,1.0,1.0,23.5
1023,2050,Asia-Pacific,Cyprus,1.3,68.9,1.0,1.0,1.0,25.1,1.0,3.6
1024,2050,Europe,Czech Republic,1.0,,1.0,1.0,1.0,1.0,1.0,78.9
1025,2050,Europe,Denmark,1.0,78.6,1.0,1.0,1.0,8.5,1.0,11.0
1026,2050,Sub-Saharan Africa,Djibouti,1.0,2.3,1.0,1.0,1.0,96.9,1.0,1.0
1027,2050,Latin America-Caribbean,Dominica,1.0,94.4,3.0,1.0,1.0,1.0,1.7,
1028,2050,Latin America-Caribbean,Dominican Republic,1.0,88.3,1.0,1.0,1.0,1.0,1.0,10.6
1029,2050,Latin America-Caribbean,Ecuador,,,1.0,1.0,1.0,1.0,1.0,5.8
1030,2050,Middle East-North Africa,Egypt,1.0,3.7,1.0,1.0,1.0,96.3,1.0,1.0
1031,2050,Latin America-Caribbean,El Salvador,,87.6,1.0,1.0,1.0,1.0,1.0,11.7
1032,2050,Sub-Saharan Africa,Equatorial Guinea,1.0,88.7,1.7,,1.0,4.0,1.0,5.0
1033,2050,Sub-Saharan Africa,Eritrea,1.0,62.9,1.0,1.0,1.0,36.6,1.0,1.0
1034,2050,Europe,Estonia,1.0,40.4,1.0,1.0,1.0,1.0,1.0,59.1
1035,2050,Sub-Saharan Africa,Ethiopia,1.0,58.3,1.7,1.0,1.0,39.9,1.0,1.0
1036,2050,Europe,Faeroe Islands,1.0,98.0,1.0,1.0,1.0,1.0,1.0,1.7
1037,2050,Latin America-Caribbean,Falkland Islands (Malvinas),1.0,67.2,1.0,1.0,1.0,1.0,1.0,31.5
1038,2050,Asia-Pacific,Fiji,1.0,64.4,1.0,27.9,1.0,6.3,1.0,1.0
1039,2050,Europe,Finland,1.0,72.5,1.0,1.0,1.0,3.4,1.0,23.2
1040,2050,Europe,France,1.0,43.1,1.0,1.0,1.0,10.9,1.0,44.1
1041,2050,Latin America-Caribbean,French Guiana,1.0,83.0,7.4,1.0,1.0,2.3,1.0,4.9
1042,2050,Asia-Pacific,French Polynesia,1.0,94.0,1.0,1.0,1.0,1.0,1.0,4.9
1043,2050,Sub-Saharan Africa,Gabon,1.0,71.5,5.5,1.0,1.0,16.0,1.0,6.3
1044,2050,Sub-Saharan Africa,Gambia,1.0,3.3,1.0,1.0,1.0,95.7,1.0,1.0
1045,2050,Europe,Georgia,1.0,85.0,1.0,1.0,1.0,14.2,1.0,1.0
1046,2050,Europe,Germany,1.0,59.3,1.0,1.0,1.0,10.0,1.0,29.8
1047,2050,Sub-Saharan Africa,Ghana,1.0,67.8,6.1,1.0,1.0,22.3,1.0,3.5
1048,2050,Europe,Gibraltar,1.0,88.8,1.0,,2.1,4.0,1.0,2.9
1049,2050,Europe,Greece,1.0,86.1,1.0,1.0,1.0,7.8,1.0,5.5
1050,2050,North America,Greenland,1.0,96.1,1.0,1.0,1.0,1.0,1.0,2.5
1051,2050,Latin America-Caribbean,Grenada,1.0,96.6,1.3,1.0,1.0,1.0,1.0,1.0
1052,2050,Latin America-Caribbean,Guadeloupe,1.0,95.9,1.0,1.0,1.0,1.0,1.0,2.5
1053,2050,Asia-Pacific,Guam,1.1,94.2,1.5,1.0,1.0,1.0,1.6,1.7
1054,2050,Latin America-Caribbean,Guatemala,,,1.0,1.0,1.0,1.0,1.0,3.5
1055,2050,Sub-Saharan Africa,Guinea,1.0,10.0,2.6,1.0,1.0,85.5,1.0,1.8
1056,2050,Sub-Saharan Africa,Guinea-Bissau,1.0,16.0,30.7,1.0,1.0,48.8,1.0,
1057,2050,Latin America-Caribbean,Guyana,1.0,73.8,1.0,18.4,1.0,5.2,1.0,1.9
1058,2050,Latin America-Caribbean,Haiti,1.0,86.5,1.9,,1.0,1.0,1.0,11.3
1059,2050,Europe,Vatican City,1.0,99.0,1.0,1.0,1.0,1.0,1.0,
1060,2050,Latin America-Caribbean,Honduras,1.0,87.7,1.2,1.0,1.0,1.0,1.0,10.1
1061,2050,Asia-Pacific,Hong Kong,13.4,18.9,13.4,1.0,1.0,,1.3,49.1
1062,2050,Europe,Hungary,1.0,76.1,1.0,1.0,1.0,1.0,1.0,23.3
1063,2050,Europe,Iceland,1.1,90.8,1.0,1.0,1.0,1.7,1.0,5.1
1064,2050,Asia-Pacific,India,1.0,2.2,1.0,76.7,1.0,18.4,1.5,1.0
1065,2050,Asia-Pacific,Indonesia,1.0,11.2,1.0,1.4,1.0,86.4,1.0,1.0
1066,2050,Asia-Pacific,Iran,1.0,1.0,1.0,1.0,1.0,99.0,1.0,1.0
1067,2050,Middle East-North Africa,Iraq,1.0,1.0,1.0,1.0,1.0,99.0,1.0,1.0
1068,2050,Europe,Ireland,1.0,83.5,1.0,1.0,1.0,3.0,1.0,
1069,2050,Europe,Isle of Man,1.0,84.1,1.0,1.0,1.0,1.0,1.0,15.4
1070,2050,Middle East-North Africa,Israel,1.0,,1.0,1.0,69.9,24.6,1.0,2.9
1071,2050,Europe,Italy,1.0,72.8,1.0,1.0,1.0,9.5,1.0,16.3
1072,2050,Latin America-Caribbean,Jamaica,,77.1,4.7,1.0,1.0,1.0,1.0,17.0
1073,2050,Asia-Pacific,Japan,25.1,2.4,1.0,1.0,1.0,1.0,3.9,67.7
1074,2050,Middle East-North Africa,Jordan,1.0,2.1,1.0,1.0,1.0,96.9,1.0,1.0
1075,2050,Asia-Pacific,Kazakhstan,1.0,18.4,1.0,1.0,1.0,77.4,1.0,2.8
1076,2050,Sub-Saharan Africa,Kenya,1.0,82.1,1.2,1.0,1.0,13.3,1.0,2.3
1077,2050,Asia-Pacific,Kiribati,1.0,97.0,1.0,1.0,1.0,1.0,2.2,1.0
1078,2050,Europe,Kosovo,1.0,4.7,1.0,1.0,1.0,95.2,1.0,1.0
1079,2050,Middle East-North Africa,Kuwait,7.3,11.8,1.0,10.8,1.0,69.4,1.0,1.0
1080,2050,Asia-Pacific,Kyrgyzstan,1.0,,1.0,1.0,1.0,92.4,1.0,1.0
1081,2050,Asia-Pacific,Laos,56.9,,39.7,1.0,1.0,1.0,1.0,1.0
1082,2050,Europe,Latvia,1.0,54.3,1.0,1.0,1.0,1.0,1.0,45.1
1083,2050,Middle East-North Africa,Lebanon,1.0,,1.0,1.0,1.0,61.4,1.0,1.0
1084,2050,Sub-Saharan Africa,Lesotho,1.0,97.2,1.0,1.0,1.0,1.0,1.0,2.7
1085,2050,Sub-Saharan Africa,Liberia,1.0,85.4,1.1,1.0,1.0,12.1,1.0,1.3
1086,2050,Middle East-North Africa,Libya,1.0,2.7,1.0,1.0,1.0,96.6,1.0,1.0
1087,2050,Europe,Liechtenstein,1.0,91.9,1.0,1.0,1.0,5.0,1.0,2.9
1088,2050,Europe,Lithuania,1.0,91.2,1.0,1.0,1.0,1.0,1.0,8.5
1089,2050,Europe,Luxembourg,1.0,71.1,1.0,1.0,1.0,2.3,1.0,
1090,2050,Asia-Pacific,Macau,17.3,7.2,58.9,1.0,1.0,1.0,1.0,15.4
1091,2050,Europe,Republic of Macedonia,1.0,42.7,1.0,1.0,1.0,56.2,1.0,1.0
1092,2050,Sub-Saharan Africa,Madagascar,1.0,82.8,5.2,1.0,1.0,3.2,1.0,8.6
1093,2050,Sub-Saharan Africa,Malawi,1.0,84.0,1.6,1.0,1.0,12.9,1.0,1.4
1094,2050,Asia-Pacific,Malaysia,10.8,,1.9,5.0,1.0,72.4,1.0,1.0
1095,2050,Asia-Pacific,Maldives,1.0,1.0,1.0,1.0,1.0,98.4,1.0,1.0
1096,2050,Sub-Saharan Africa,Mali,1.0,2.3,3.7,1.0,1.0,93.4,1.0,1.0
1097,2050,Europe,Malta,1.0,97.0,1.0,1.0,1.0,1.0,1.0,2.5
1098,2050,Asia-Pacific,Marshall Islands,1.0,97.5,1.0,1.0,1.0,1.0,1.0,1.5
1099,2050,Latin America-Caribbean,Martinique,1.0,96.5,1.0,1.0,1.0,1.0,1.0,2.3
1100,2050,Sub-Saharan Africa,Mauritania,1.0,1.0,1.0,1.0,1.0,99.0,1.0,1.0
1101,2050,Sub-Saharan Africa,Mauritius,1.0,32.9,1.0,47.8,1.0,17.6,1.0,1.0
1102,2050,Sub-Saharan Africa,Mayotte,1.0,1.0,1.0,1.0,1.0,98.6,1.0,1.0
1103,2050,Latin America-Caribbean,Mexico,1.0,91.4,1.0,1.0,1.0,1.0,1.0,8.4
1104,2050,Asia-Pacific,Federated States of Micronesia,1.0,95.2,2.7,1.0,1.0,1.0,1.0,1.0
1105,2050,Europe,Moldova,1.0,97.0,1.0,1.0,1.0,1.4,1.0,1.3
1106,2050,Europe,Monaco,1.0,86.0,1.0,1.0,1.7,1.0,1.0,11.7
1107,2050,Asia-Pacific,Mongolia,52.9,2.2,3.4,1.0,1.0,4.1,1.0,37.4
1108,2050,Europe,Montenegro,1.0,71.5,1.0,1.0,1.0,25.8,1.0,2.7
1109,2050,Latin America-Caribbean,Montserrat,1.0,93.5,1.0,1.0,1.0,1.0,1.5,4.8
1110,2050,Middle East-North Africa,Morocco,1.0,,1.0,1.0,1.0,99.0,1.0,1.0
1111,2050,Sub-Saharan Africa,Mozambique,1.0,60.0,8.1,1.0,1.0,15.1,1.0,16.8
1112,2050,Asia-Pacific,Burma (Myanmar),79.8,7.9,5.4,1.6,1.0,4.7,1.0,1.0
1113,2050,Sub-Saharan Africa,Namibia,1.0,97.3,1.0,1.0,1.0,1.0,1.0,2.0
1114,2050,Asia-Pacific,Nauru,,79.0,8.1,1.0,1.0,,7.4,4.5
1115,2050,Asia-Pacific,Nepal,9.2,1.0,3.6,79.8,1.0,6.6,1.0,1.0
1116,2050,Europe,Netherlands,1.0,,1.0,1.0,1.0,9.4,1.0,49.1
1117,2050,Asia-Pacific,New Caledonia,1.0,85.2,1.0,1.0,1.0,2.8,1.0,10.4
1118,2050,Asia-Pacific,New Zealand,2.2,44.7,1.0,3.6,1.0,2.7,1.0,45.1
1119,2050,Latin America-Caribbean,Nicaragua,1.0,84.2,1.4,1.0,1.0,1.0,1.0,14.2
1120,2050,Sub-Saharan Africa,Niger,1.0,1.1,1.0,1.0,1.0,97.9,1.0,1.0
1121,2050,Sub-Saharan Africa,Nigeria,1.0,39.3,1.8,1.0,1.0,58.5,1.0,1.0
1122,2050,Asia-Pacific,Niue,1.0,96.4,1.0,1.0,1.0,1.0,1.0,3.3
1123,2050,Asia-Pacific,North Korea,1.5,2.0,12.3,1.0,1.0,1.0,12.9,71.3
1124,2050,Asia-Pacific,Northern Mariana Islands,10.6,81.3,5.3,1.0,1.0,,1.1,1.0
1125,2050,Europe,Norway,1.5,73.7,1.0,1.0,1.0,8.9,1.0,14.5
1126,2050,Middle East-North Africa,Oman,1.0,5.5,1.0,5.7,1.0,87.3,1.0,1.0
1127,2050,Asia-Pacific,Pakistan,1.0,1.5,1.0,2.0,1.0,96.5,1.0,1.0
1128,2050,Asia-Pacific,Palau,1.0,86.7,1.0,1.0,1.0,1.0,10.4,
1129,2050,Middle East-North Africa,Palestinian territories,,1.4,1.0,1.0,1.0,98.5,1.0,1.0
1130,2050,Latin America-Caribbean,Panama,1.0,91.9,1.0,1.0,1.0,1.0,1.0,5.7
1131,2050,Asia-Pacific,Papua New Guinea,1.0,99.0,1.0,1.0,1.0,1.0,1.0,1.0
1132,2050,Latin America-Caribbean,Paraguay,1.0,96.8,1.8,1.0,1.0,1.0,1.0,1.1
1133,2050,Latin America-Caribbean,Peru,1.0,95.2,1.0,,1.0,1.0,1.0,3.3
1134,2050,Asia-Pacific,Philippines,1.0,92.0,1.6,1.0,1.0,6.0,1.0,1.0
1135,2050,Europe,Poland,1.0,86.8,1.0,1.0,1.0,1.0,1.0,
1136,2050,Europe,Portugal,1.0,86.3,1.0,1.0,1.0,,1.0,11.3
1137,2050,Latin America-Caribbean,Puerto Rico,1.0,95.7,1.0,1.0,1.0,1.0,1.0,
1138,2050,Middle East-North Africa,Qatar,4.1,12.6,1.0,17.1,1.0,64.6,1.0,1.0
1139,2050,Sub-Saharan Africa,Reunion,1.0,87.6,1.0,4.5,1.0,4.2,1.1,2.0
1140,2050,Europe,Romania,1.0,99.0,1.0,1.0,1.0,1.0,1.0,1.0
1141,2050,Europe,Russia,1.0,71.3,1.0,1.0,1.0,16.8,1.0,11.3
1142,2050,Sub-Saharan Africa,Rwanda,1.0,93.0,1.0,1.0,1.0,,1.0,3.1
1143,2050,Sub-Saharan Africa,St. Helena,1.0,96.5,1.0,1.0,1.0,1.0,1.0,3.3
1144,2050,Latin America-Caribbean,St. Kitts and Nevis,1.0,94.6,1.3,1.5,1.0,1.0,1.0,1.6
1145,2050,Latin America-Caribbean,St. Lucia,1.0,93.0,1.0,1.0,1.0,1.0,1.4,4.9
1146,2050,North America,St. Pierre and Miquelon,1.0,,1.0,1.0,1.0,1.0,1.3,3.8
1147,2050,Latin America-Caribbean,St. Vincent and the Grenadines,1.0,88.7,2.0,3.4,1.0,1.5,2.0,2.5
1148,2050,Asia-Pacific,Samoa,1.0,97.5,1.0,1.0,1.0,1.0,1.0,1.9
1149,2050,Europe,San Marino,1.0,91.6,1.0,1.0,1.0,1.0,1.0,7.2
1150,2050,Sub-Saharan Africa,Sao Tome and Principe,,79.6,3.2,1.0,1.0,1.0,2.6,14.6
1151,2050,Middle East-North Africa,Saudi Arabia,1.0,4.0,1.0,1.6,1.0,93.1,1.0,1.0
1152,2050,Sub-Saharan Africa,Senegal,1.0,2.5,1.0,1.0,1.0,97.4,1.0,1.0
1153,2050,Europe,Serbia,1.0,88.4,1.0,1.0,1.0,8.1,1.0,3.4
1154,2050,Sub-Saharan Africa,Seychelles,1.0,94.0,1.0,2.1,1.0,1.1,1.0,2.1
1155,2050,Sub-Saharan Africa,Sierra Leone,1.0,18.5,1.0,1.0,1.0,80.4,1.0,1.0
1156,2050,Asia-Pacific,Singapore,27.0,17.0,2.8,10.0,1.0,21.4,5.6,16.0
1157,2050,Europe,Slovakia,1.0,79.5,1.0,1.0,1.0,1.0,1.0,
1158,2050,Europe,Slovenia,1.0,75.0,1.0,1.0,1.0,4.7,1.0,20.2
1159,2050,Asia-Pacific,Solomon Islands,1.0,97.4,1.3,,1.0,1.0,1.0,1.0
1160,2050,Sub-Saharan Africa,Somalia,1.0,1.0,1.0,1.0,1.0,99.0,1.0,1.0
1161,2050,Sub-Saharan Africa,South Africa,1.0,80.0,1.0,1.0,1.0,2.6,1.0,15.4
1162,2050,Asia-Pacific,South Korea,18.1,33.5,1.0,1.0,1.0,1.0,1.0,46.3
1163,2050,Europe,Spain,1.0,65.2,1.0,1.0,1.0,7.5,1.0,26.5
1164,2050,Asia-Pacific,Sri Lanka,66.8,6.8,1.0,14.0,1.0,12.3,1.0,1.0
1165,2050,Middle East-North Africa,Sudan,1.0,5.4,2.8,1.0,1.0,90.7,1.0,1.0
1166,2050,Latin America-Caribbean,Suriname,1.0,54.4,6.7,15.4,1.0,11.8,2.0,8.8
1167,2050,Sub-Saharan Africa,Swaziland,1.0,89.3,1.1,1.0,1.0,1.0,1.0,8.6
1168,2050,Europe,Sweden,1.2,52.3,1.0,1.0,1.0,12.4,1.0,32.8
1169,2050,Europe,Switzerland,1.0,61.9,1.0,1.0,1.0,7.6,1.0,28.4
1170,2050,Middle East-North Africa,Syria,1.0,5.1,1.0,1.0,1.0,92.8,1.0,2.0
1171,2050,Asia-Pacific,Taiwan,20.5,6.5,42.3,1.0,1.0,1.0,13.6,17.1
1172,2050,Asia-Pacific,Tajikistan,1.0,2.1,1.0,1.0,1.0,96.1,1.0,1.5
1173,2050,Sub-Saharan Africa,Tanzania,1.0,,1.0,1.0,1.0,30.8,1.0,2.3
1174,2050,Asia-Pacific,Thailand,90.1,1.1,1.0,1.0,1.0,8.3,1.0,1.0
1175,2050,Asia-Pacific,Timor-Leste,1.0,99.0,1.0,1.0,1.0,1.0,1.0,1.0
1176,2050,Sub-Saharan Africa,Togo,1.0,36.7,42.3,1.0,1.0,14.0,1.0,6.4
1177,2050,Asia-Pacific,Tokelau,1.0,99.0,1.0,1.0,1.0,1.0,1.0,
1178,2050,Asia-Pacific,Tonga,1.0,98.9,1.0,1.0,1.0,1.0,1.0,1.0
1179,2050,Latin America-Caribbean,Trinidad and Tobago,1.0,67.8,2.1,20.9,1.0,5.5,1.6,1.7
1180,2050,Middle East-North Africa,Tunisia,1.0,1.0,1.0,1.0,1.0,99.0,1.0,1.0
1181,2050,Asia-Pacific,Turkey,1.0,1.0,1.0,1.0,1.0,98.0,1.0,1.2
1182,2050,Asia-Pacific,Turkmenistan,1.0,6.5,1.0,1.0,1.0,,1.0,1.0
1183,2050,Latin America-Caribbean,Turks and Caicos Islands,1.0,92.1,2.7,1.0,1.0,1.0,1.0,4.6
1184,2050,Asia-Pacific,Tuvalu,1.0,96.7,1.0,1.0,1.0,1.0,1.9,1.3
1185,2050,Sub-Saharan Africa,Uganda,,84.3,1.0,1.0,1.0,13.9,1.0,1.0
1186,2050,Europe,Ukraine,1.0,89.2,1.0,1.0,1.0,3.7,1.0,6.6
1187,2050,Middle East-North Africa,United Arab Emirates,,12.9,1.0,9.5,1.0,73.0,1.0,1.0
1188,2050,Europe,United Kingdom,1.0,,1.0,2.0,1.0,11.3,1.0,
1189,2050,North America,United States,1.4,66.4,1.0,1.2,1.4,2.1,1.5,
1190,2050,Latin America-Caribbean,U.S. Virgin Islands,1.0,94.8,1.0,,1.0,1.0,1.0,3.7
1191,2050,Latin America-Caribbean,Uruguay,1.0,56.5,1.0,1.0,1.0,1.0,1.0,42.1
1192,2050,Asia-Pacific,Uzbekistan,1.0,1.5,1.0,1.0,1.0,97.8,1.0,1.0
1193,2050,Asia-Pacific,Vanuatu,1.0,93.5,4.0,1.0,1.0,1.0,1.4,1.1
1194,2050,Latin America-Caribbean,Venezuela,1.0,89.6,1.0,1.0,1.0,1.0,1.0,9.2
1195,2050,Asia-Pacific,Vietnam,15.9,8.9,44.0,1.0,1.0,1.0,1.0,30.5
1196,2050,Asia-Pacific,Wallis and Futuna,1.0,97.4,1.2,1.0,1.0,1.0,1.0,1.0
1197,2050,Middle East-North Africa,Western Sahara,1.0,1.0,1.0,1.0,1.0,99.0,1.0,1.0
1198,2050,Middle East-North Africa,Yemen,1.0,1.0,1.0,1.0,1.0,99.0,1.0,1.0
1199,2050,Sub-Saharan Africa,Zambia,1.0,96.7,1.0,1.0,1.0,1.0,1.1,1.0
1200,2050,Sub-Saharan Africa,Zimbabwe,1.0,86.1,4.9,1.0,1.0,1.1,1.0,7.6
1201,2050,Sub-Saharan Africa,South Sudan,1.0,,32.9,1.0,1.0,6.2,1.0,1.0
1202,2050,Latin America-Caribbean,Curacao,1.0,93.9,1.2,1.0,1.0,1.0,1.0,
1203,2050,Latin America-Caribbean,Sint Maarten,1.0,93.9,1.2,1.0,1.0,1.0,1.0,3.3
1204,2050,Latin America-Caribbean,Caribbean Netherlands,1.0,93.9,1.2,1.0,1.0,1.0,1.0,
